80hari_03_verne_128kb_0002|perdjalanannja itoe seolah olah seperti seboeah mesin lajaknja|perdjalanannja itoe seolah olah seperti seboeah mesin lajaknja
80hari_03_verne_128kb_0004|sampailah ia keroemah reform club di pall mall|sampailah ia keroemah reform club di pall mall
80hari_03_verne_128kb_0012|makanan paginja itoe jaitoe|makanan paginja itoe jaitoe
80hari_03_verne_128kb_0023|makanan itoe matjamnja sama djoega dengan makanan pada siang hari tadi|makanan itoe matjamnja sama djoega dengan makanan pada siang hari tadi
80hari_03_verne_128kb_0042|djadi pentjoerinja diketahoei orang tanda tandanja|djadi pentjoerinja diketahoei orang tanda tandanja
80hari_03_verne_128kb_0057|djadi ia ta  sempat akan mengamat amati hal lain lain jang mendjadi tanggoengannja itoe|djadi ia ta  sempat akan mengamat amati hal lain lain jang mendjadi tanggoengannja itoe
80hari_03_verne_128kb_0081|maka baharoelah ketahoean|maka baharoelah ketahoean
80hari_03_verne_128kb_0083|setelah njata diketahoei orang bahwa bank ketjoerian|setelah njata diketahoei orang bahwa bank ketjoerian
80hari_03_verne_128kb_0106|toean gauthier ralph ta  sjak lagi akan hal kesoedahan  penghabisan  orang mentjahari keterangan itoe dan iapoen berpikir djoega|toean gauthier ralph ta  sjak lagi akan hal kesoedahan  penghabisan  orang mentjahari keterangan itoe dan iapoen berpikir djoega
80hari_03_verne_128kb_0109|jang boléh menoendjoekkan pentjoerinja|jang boléh menoendjoekkan pentjoerinja
80hari_03_verne_128kb_0113|flanagan  fallentin dan fogg|flanagan  fallentin dan fogg
80hari_03_verne_128kb_0128|ja  doenia loeas dahoeloe kala|ja  doenia loeas dahoeloe kala
80hari_03_verne_128kb_0139|oléh karena itoe maka orangpoen dapat dengan moedah dan tjepat akan mentjahari keterangan|oléh karena itoe maka orangpoen dapat dengan moedah dan tjepat akan mentjahari keterangan
80hari_03_verne_128kb_0146|toean ralph sesoenggoehnja saja terpaksa akan mengatakan|toean ralph sesoenggoehnja saja terpaksa akan mengatakan
80hari_03_verne_128kb_0159|dengan   enam     jokohama ke san francisco dengan   dua puluh dua     san francisco ke new jork|dengan   enam     jokohama ke san francisco dengan   dua puluh dua     san francisco ke new jork
80hari_03_verne_128kb_0167|sambil berkata demikian itoe stuart memainkan troef atas kartoe jang terlaloe tinggi|sambil berkata demikian itoe stuart memainkan troef atas kartoe jang terlaloe tinggi
80hari_03_verne_128kb_0178|laloe diangkatnja semoea kartoe jang terletak diatas médja itoe  serta katanja|laloe diangkatnja semoea kartoe jang terletak diatas médja itoe  serta katanja
80hari_03_verne_128kb_0190|tiada kesoesahan sedikitpoen akan melakoekan itoe|tiada kesoesahan sedikitpoen akan melakoekan itoe
80hari_03_verne_128kb_0197|djawab andrew stuart|djawab andrew stuart
80hari_03_verne_128kb_0203|tetapi tiba tiba diletakkannja semoea kartoe itoe  sambil berkata|tetapi tiba tiba diletakkannja semoea kartoe itoe  sambil berkata
80hari_03_verne_128kb_0205|fallentin mengenengahi perselisihan itoe  oedjarnja|fallentin mengenengahi perselisihan itoe  oedjarnja
80hari_03_verne_128kb_0216|toean fogg waktoe jang delapan poeloeh hari itoe terhitoeng sedikit sekali akan berlajar mengelilingi doenia|toean fogg waktoe jang delapan poeloeh hari itoe terhitoeng sedikit sekali akan berlajar mengelilingi doenia
80hari_03_verne_128kb_0232|djawab phileas fogg  baiklah  keréta api jang ke dover berangkat poekoel sembilan koerang seperempat|djawab phileas fogg  baiklah  keréta api jang ke dover berangkat poekoel sembilan koerang seperempat
80hari_03_verne_128kb_0234|stuart bertanja|stuart bertanja
80hari_03_verne_128kb_0238|djadi saja haroeslah tiba kembali di london lagi dalam bilik reform club ini pada hari sabtoe tanggal dua puluh satu december|djadi saja haroeslah tiba kembali di london lagi dalam bilik reform club ini pada hari sabtoe tanggal dua puluh satu december
80hari_03_verne_128kb_0241|maka toean toean menang dan boléh ambil oeangkoe doea poeloeh riboe pond pada gebroeders baring|maka toean toean menang dan boléh ambil oeangkoe doea poeloeh riboe pond pada gebroeders baring
80hari_03_verne_128kb_0246|phileas fogg bertaroeh itoe sekali kali tidak mengharap kemenangan|phileas fogg bertaroeh itoe sekali kali tidak mengharap kemenangan
80hari_03_verne_128kb_0247|tetapi ia berani mengoerbankan doea poeloeh riboe pond|tetapi ia berani mengoerbankan doea poeloeh riboe pond
80hari_03_verne_128kb_0251|haroes mengeloearkan belandja sebesar sisa kekajaannja jang masih ada|haroes mengeloearkan belandja sebesar sisa kekajaannja jang masih ada
80hari_03_verne_128kb_0252|lawan lawannja dalam pertaroehan itoe njata sekali tergoda pikirannja|lawan lawannja dalam pertaroehan itoe njata sekali tergoda pikirannja
80hari_03_verne_128kb_0255|akan tetapi lebih lebih sebab toean toean itoe merasa ta  senang bertaroeh tentang sesoeatoe hal jang ta  kan dapat dilakoekan|akan tetapi lebih lebih sebab toean toean itoe merasa ta  senang bertaroeh tentang sesoeatoe hal jang ta  kan dapat dilakoekan
80hari_03_verne_128kb_0256|maka lontjéng berboenjilah menjatakan hari soedah poekoel toedjoeh|maka lontjéng berboenjilah menjatakan hari soedah poekoel toedjoeh
80hari_03_verne_128kb_0257|toean toean jang terseboet memberi timbangan kepada phileas fogg akan memperhentikan robber|toean toean jang terseboet memberi timbangan kepada phileas fogg akan memperhentikan robber
80hari_03_verne_128kb_0262|engkau voor  toean stuart|engkau voor  toean stuart
80hari_23_verne_128kb_0001|pada pagi harinja bertambah sangatlah lapar passepartout|pada pagi harinja bertambah sangatlah lapar passepartout
80hari_23_verne_128kb_0004|ia ingat masih ada mempoenjai arlodji jang boléh didjoealnja|ia ingat masih ada mempoenjai arlodji jang boléh didjoealnja
80hari_23_verne_128kb_0031|setelah ia selesai makan dan merasa peroetnja soedah kenjang  berpikirlah ia|setelah ia selesai makan dan merasa peroetnja soedah kenjang  berpikirlah ia
80hari_23_verne_128kb_0046|boléhkah ia mengoeatkan kepertjajaan orang dalam berpakaian jang gandjil itoe|boléhkah ia mengoeatkan kepertjajaan orang dalam berpakaian jang gandjil itoe
80hari_23_verne_128kb_0095|ja benar demikian  toean|ja benar demikian  toean
80hari_23_verne_128kb_0096|lain dari pada itoe engkau mempoenjai kekoeatan djoega|lain dari pada itoe engkau mempoenjai kekoeatan djoega
80hari_23_verne_128kb_0098|pandaikah engkau menjanji|pandaikah engkau menjanji
80hari_23_verne_128kb_0103|waktoe passepartout mendjawab demikian itoe|waktoe passepartout mendjawab demikian itoe
80hari_23_verne_128kb_0106|itoelah jang terlebih perloe|itoelah jang terlebih perloe
80hari_23_verne_128kb_0109|maka dalam pekerdjaan jang baroe itoe iapoen disoeroeh menoendjoekkan permainan jang amat soekar|maka dalam pekerdjaan jang baroe itoe iapoen disoeroeh menoendjoekkan permainan jang amat soekar
80hari_23_verne_128kb_0131|mempertoendjoekkan kepandaiannja memboeat koepoe koepoe  dan boenga boengaan dari pada kertas itoe|mempertoendjoekkan kepandaiannja memboeat koepoe koepoe  dan boenga boengaan dari pada kertas itoe
80hari_23_verne_128kb_0165|batulcar dan orang itoe haroes diganti dengan jang koeat|batulcar dan orang itoe haroes diganti dengan jang koeat
80hari_23_verne_128kb_0167|passepartout merasa dirinja amat hina|passepartout merasa dirinja amat hina
80hari_23_verne_128kb_0171|tetapi hidoeng itoelah jang memberi penghidoepan kepadanja|tetapi hidoeng itoelah jang memberi penghidoepan kepadanja
80hari_23_verne_128kb_0172|maka diterimanjalah dengan sabar hati akan nasibnja itoe|maka diterimanjalah dengan sabar hati akan nasibnja itoe
80hari_23_verne_128kb_0185|maka jang meninggalkan tempatnja itoe  ialah passepartout|maka jang meninggalkan tempatnja itoe  ialah passepartout
80hari_23_verne_128kb_0187|laloe memeloek kaki orang itoe seraja mengeloeh  katanja|laloe memeloek kaki orang itoe seraja mengeloeh  katanja
80hari_23_verne_128kb_0193|tetapi diloear meréka itoe ditahan oléh batulcar dengan amat marahnja dan dimintanja keroegiannja kepada fogg|tetapi diloear meréka itoe ditahan oléh batulcar dengan amat marahnja dan dimintanja keroegiannja kepada fogg
80hari_01_verne_128kb_0010|djadi boléhlah dikatakan bahwa ahli pidato jang masjhoer itoe digantikan oleh phileas fogg|djadi boléhlah dikatakan bahwa ahli pidato jang masjhoer itoe digantikan oleh phileas fogg
80hari_01_verne_128kb_0012|dari kehidoepannja tiadalah apa apa jang diketahoei orang|dari kehidoepannja tiadalah apa apa jang diketahoei orang
80hari_01_verne_128kb_0013|hanja adalah ia seorang jang amat sopan dan masoek orang baik baik jang moelia moelia|hanja adalah ia seorang jang amat sopan dan masoek orang baik baik jang moelia moelia
80hari_01_verne_128kb_0015|tetapi banjak orang mengira ia boekan anak kota london|tetapi banjak orang mengira ia boekan anak kota london
80hari_01_verne_128kb_0020|djika orang mentjari nama phileas fogg itoe diantara nama advocaat advocaat dikota london|djika orang mentjari nama phileas fogg itoe diantara nama advocaat advocaat dikota london
80hari_01_verne_128kb_0030|jang termasjhoer kekajaannja dan tempat phileas fogg senantiasa menjimpan oeangnja|jang termasjhoer kekajaannja dan tempat phileas fogg senantiasa menjimpan oeangnja
80hari_01_verne_128kb_0033|seorangpoen tiada jang tahoe  dan rahasia itoe hanja phileas fogg sendiri jang tahoe|seorangpoen tiada jang tahoe  dan rahasia itoe hanja phileas fogg sendiri jang tahoe
80hari_01_verne_128kb_0040|sebab segala perboeatannja selama lamanja ta  berganti dari jang soedah biasa dilakoekannja|sebab segala perboeatannja selama lamanja ta  berganti dari jang soedah biasa dilakoekannja
80hari_01_verne_128kb_0052|meski perdjalanan itoe barangkali hanja dalam pikiran sadja|meski perdjalanan itoe barangkali hanja dalam pikiran sadja
80hari_01_verne_128kb_0060|hampir selamanja dalam main whist ia menang|hampir selamanja dalam main whist ia menang
80hari_01_verne_128kb_0066|main whist itoe dipandangnja seperti soeatoe peperangan jang penoeh dengan kesoesahan dan alangan|main whist itoe dipandangnja seperti soeatoe peperangan jang penoeh dengan kesoesahan dan alangan
80hari_01_verne_128kb_0086|maka langkahnja selamanja ta  beroebah seperti ia poelang balik diserambi depan roemahnja|maka langkahnja selamanja ta  beroebah seperti ia poelang balik diserambi depan roemahnja
80hari_01_verne_128kb_0091|dari kamar makanan dan minoeman roemah perhimpoenannja  clubnja|dari kamar makanan dan minoeman roemah perhimpoenannja  clubnja
80hari_01_verne_128kb_0103|meskipoen kehidoepan phileas fogg jang demikian itoe oléh orang lain dinamakan gandjil|meskipoen kehidoepan phileas fogg jang demikian itoe oléh orang lain dinamakan gandjil
80hari_01_verne_128kb_0130|orang perantjiskah engkau dan namamoe john|orang perantjiskah engkau dan namamoe john
80hari_01_verne_128kb_0134|ja ni nama jang akan hamba pakai selama lamanja dan telah hamba peroléh karena ketjakapan hamba pandai melakoekan diri dalam segala hal|ja ni nama jang akan hamba pakai selama lamanja dan telah hamba peroléh karena ketjakapan hamba pandai melakoekan diri dalam segala hal
80hari_01_verne_128kb_0136|dan lagi hamba haroes menerangkan  bahwa hamba ini telah melakoekan berdjenis djenis pekerdjaan|dan lagi hamba haroes menerangkan  bahwa hamba ini telah melakoekan berdjenis djenis pekerdjaan
80hari_01_verne_128kb_0150|maka dari sebab itoe hamba membenarkan diri akan mohon pekerdjaan kepada toean|maka dari sebab itoe hamba membenarkan diri akan mohon pekerdjaan kepada toean
80hari_01_verne_128kb_0153|setelah phileas fogg mendengar perkataan passepartout itoe  maka katanja|setelah phileas fogg mendengar perkataan passepartout itoe  maka katanja
80hari_01_verne_128kb_0159|tahoe toean   phileas fogg berkata poela|tahoe toean   phileas fogg berkata poela
80hari_01_verne_128kb_0164|arlodjimoe terlambat|arlodjimoe terlambat
80hari_01_verne_128kb_0167|phileas fogg tinggal tetap berkata|phileas fogg tinggal tetap berkata
80hari_02_verne_128kb_0020|apabila ia melihat air moeka phileas fogg|apabila ia melihat air moeka phileas fogg
80hari_02_verne_128kb_0021|moedahlah mengetahoei bahwa orang jang mempoenjai air moeka sematjam itoe|moedahlah mengetahoei bahwa orang jang mempoenjai air moeka sematjam itoe
80hari_02_verne_128kb_0022|soenggoehlah seorang jang tetap hatinja dan lebih soeka bekerdja dari pada bertjakap banjak|soenggoehlah seorang jang tetap hatinja dan lebih soeka bekerdja dari pada bertjakap banjak
80hari_02_verne_128kb_0041|ia ta  akan melihat keatas atau kekanan dan kekiri|ia ta  akan melihat keatas atau kekanan dan kekiri
80hari_02_verne_128kb_0049|tetapi itoelah jang memboeang waktoe|tetapi itoelah jang memboeang waktoe
80hari_02_verne_128kb_0052|ialah orang parijs sedjati|ialah orang parijs sedjati
80hari_02_verne_128kb_0055|dan pada waktoe pertemoeannja dengan phileas fogg ia masih mentjahari pekerdjaan|dan pada waktoe pertemoeannja dengan phileas fogg ia masih mentjahari pekerdjaan
80hari_02_verne_128kb_0056|maksoednja hendak mendjadi boedjang pada seorang jang bersetoedjoe dengan hatinja|maksoednja hendak mendjadi boedjang pada seorang jang bersetoedjoe dengan hatinja
80hari_02_verne_128kb_0071|perbédaan toean dan boedjang itoe jang lekas boléh diketahoei orang  jaitoe|perbédaan toean dan boedjang itoe jang lekas boléh diketahoei orang  jaitoe
80hari_02_verne_128kb_0087|lid parlemén inggeris|lid parlemén inggeris
80hari_02_verne_128kb_0091|oléh sebab passepartout harap soepaja toeannja tinggal baik pada pemandangan orang|oléh sebab passepartout harap soepaja toeannja tinggal baik pada pemandangan orang
80hari_02_verne_128kb_0105|maka ketika poekoel setengah doea belas berboenji|maka ketika poekoel setengah doea belas berboenji
80hari_02_verne_128kb_0109|diantéro tempat kedapatan baik|diantéro tempat kedapatan baik
80hari_02_verne_128kb_0126|sa atnja phileas fogg pergi keroemah reform club  peratoerannja seperti berikoet|sa atnja phileas fogg pergi keroemah reform club  peratoerannja seperti berikoet
80hari_02_verne_128kb_0128|air akan bertjoekoer poekoel sembilan tiga poeloeh toedjoeh menit|air akan bertjoekoer poekoel sembilan tiga poeloeh toedjoeh menit
80hari_02_verne_128kb_0145|tetapi sesoenggoehnja oentoek toean phileas fogg semoeanja itoe mémang ta  perloe|tetapi sesoenggoehnja oentoek toean phileas fogg semoeanja itoe mémang ta  perloe
80hari_02_verne_128kb_0150|itoelah menandakan bahwa orang isi roemah itoe ta  soeka kepada perkelahian atau permoesoehan|itoelah menandakan bahwa orang isi roemah itoe ta  soeka kepada perkelahian atau permoesoehan
80hari_04_verne_128kb_0040|didjalan kita beli apa jang koerang|didjalan kita beli apa jang koerang
80hari_04_verne_128kb_0051|maka pada pikirannja gilalah toeannja itoe|maka pada pikirannja gilalah toeannja itoe
80hari_04_verne_128kb_0078|beberapa keréta ada berhenti dioedjoeng saville row|beberapa keréta ada berhenti dioedjoeng saville row
80hari_04_verne_128kb_0083|maka cab jang dinaiki meréka itoe berhentilah dimoeka pagar besi station|maka cab jang dinaiki meréka itoe berhentilah dimoeka pagar besi station
80hari_04_verne_128kb_0088|sehelai sjal jang robak rabik menoetoepi pakaiannja jang soedah kojak kojak itoe|sehelai sjal jang robak rabik menoetoepi pakaiannja jang soedah kojak kojak itoe
80hari_04_verne_128kb_0109|andrew stuart menjamboeng perkataan itoe|andrew stuart menjamboeng perkataan itoe
80hari_04_verne_128kb_0112|ja toean saja akan kembali dalam delapan poeloeh hari|ja toean saja akan kembali dalam delapan poeloeh hari
80hari_04_verne_128kb_0114|selamat djalan  toean fogg|selamat djalan  toean fogg
80hari_04_verne_128kb_0115|sampai waktoe kita bertemoe lagi  toean toean|sampai waktoe kita bertemoe lagi  toean toean
80hari_05_verne_128kb_0005|sehingga seloeroeh keradjaan inggerispoen mendengarlah warta jang sedemikian itoe|sehingga seloeroeh keradjaan inggerispoen mendengarlah warta jang sedemikian itoe
80hari_05_verne_128kb_0007|dimana mana hal itoe diperbintjangkan orang|dimana mana hal itoe diperbintjangkan orang
80hari_05_verne_128kb_0037|tidak lama antaranja sesoedah phileas fogg berangkat dari kota london|tidak lama antaranja sesoedah phileas fogg berangkat dari kota london
80hari_05_verne_128kb_0043|berapa pekerti jang lebih  adjaib  adjaib soedah kami lihat|berapa pekerti jang lebih  adjaib  adjaib soedah kami lihat
80hari_05_verne_128kb_0048|menoeroet karangan itoe banjak sekali alangan jang akan terdapat oléh phileas fogg dalam pelajarannja|menoeroet karangan itoe banjak sekali alangan jang akan terdapat oléh phileas fogg dalam pelajarannja
80hari_05_verne_128kb_0064|meskipoen perdjalanan jang sebagian ketjil itoe boléh diharap langsoeng dalam waktoenja|meskipoen perdjalanan jang sebagian ketjil itoe boléh diharap langsoeng dalam waktoenja
80hari_05_verne_128kb_0077|nistjaja kemoedian akan terpaksalah ia menoenggoe kapal jang lain|nistjaja kemoedian akan terpaksalah ia menoenggoe kapal jang lain
80hari_05_verne_128kb_0094|jaitoe setelah karangan itoe termoeat dalam soerat kabar aardrijkskundig genootschap|jaitoe setelah karangan itoe termoeat dalam soerat kabar aardrijkskundig genootschap
80hari_05_verne_128kb_0113|sehingga banjaklah orang jang melawan pikiran phileas fogg itoe|sehingga banjaklah orang jang melawan pikiran phileas fogg itoe
80hari_05_verne_128kb_0119|maka diterimalah oléh pembesar polisi dalam kota sepoetjoek soerat kawat jang boenjinja demikian|maka diterimalah oléh pembesar polisi dalam kota sepoetjoek soerat kawat jang boenjinja demikian
80hari_05_verne_128kb_0120|dari suez ke london   rowan  directeur polisi  hoofddirectie scotlandplace|dari suez ke london   rowan  directeur polisi  hoofddirectie scotlandplace
80hari_05_verne_128kb_0121|pentjoeri bank  phileas fogg  saja ikoet|pentjoeri bank  phileas fogg  saja ikoet
80hari_05_verne_128kb_0128|tatkala ia mengambil oeang kertas terseboet|tatkala ia mengambil oeang kertas terseboet
80hari_06_verne_128kb_0035|apabila ia beroentoeng dapat menangkap pentjoeri jang ditjahari itoe|apabila ia beroentoeng dapat menangkap pentjoeri jang ditjahari itoe
80hari_06_verne_128kb_0069|akan tetapi saja bertanja kepada toean|akan tetapi saja bertanja kepada toean
80hari_06_verne_128kb_0072|o  toean konsol  ketahoeilah oléh toean  semoea pentjoeri pentjoeri roepanja seperti orang baik baik  sebab kalau tiada demikian  apabila ia soeka melakoekan kelakoean djahat  maka dengan sebentar tentoe akan tertangkaplah ia|o  toean konsol  ketahoeilah oléh toean  semoea pentjoeri pentjoeri roepanja seperti orang baik baik  sebab kalau tiada demikian  apabila ia soeka melakoekan kelakoean djahat  maka dengan sebentar tentoe akan tertangkaplah ia
80hari_06_verne_128kb_0082|beberapa menara didalam kota kelihatan karena sinar matahari jang hendak terbenam|beberapa menara didalam kota kelihatan karena sinar matahari jang hendak terbenam
80hari_06_verne_128kb_0085|beberapa perahoe kail berlajar menjoesoel pantai kian kemari didalam laoet mérah|beberapa perahoe kail berlajar menjoesoel pantai kian kemari didalam laoet mérah
80hari_06_verne_128kb_0086|beberapa antara perahoe perahoe itoe banjak jang élok sekali bangoen dan perhiasannja dan boléh dikatakan asal dari djaman poerbakala|beberapa antara perahoe perahoe itoe banjak jang élok sekali bangoen dan perhiasannja dan boléh dikatakan asal dari djaman poerbakala
80hari_06_verne_128kb_0103|djawab konsol   benar  djikalau pentjoeri itoe boekan orang tjerdik  sebab pentjoeri jang tjerdik ta  akan maoe ia keloear dari kota london  karena disana lebih soesah ditjari dari pada ditempat lain|djawab konsol   benar  djikalau pentjoeri itoe boekan orang tjerdik  sebab pentjoeri jang tjerdik ta  akan maoe ia keloear dari kota london  karena disana lebih soesah ditjari dari pada ditempat lain
80hari_06_verne_128kb_0112|tetapi dalam fix berpikir pikir itoe terkedjoetlah ia  karena boenji  pelesit  kapal api jang datang|tetapi dalam fix berpikir pikir itoe terkedjoetlah ia  karena boenji  pelesit  kapal api jang datang
80hari_06_verne_128kb_0122|dengan hati hati fix mengamat amati tiap tiap orang jang toeroen dari perahoe itoe|dengan hati hati fix mengamat amati tiap tiap orang jang toeroen dari perahoe itoe
80hari_06_verne_128kb_0125|setelah dekat penoempang itoe bertanja dengan hormat  dimana letaknja kantor konsol inggeris|setelah dekat penoempang itoe bertanja dengan hormat  dimana letaknja kantor konsol inggeris
80hari_06_verne_128kb_0130|kemoedian fix berkata kepada jang memegang pas|kemoedian fix berkata kepada jang memegang pas
80hari_06_verne_128kb_0138|soepaja disamakan nama|soepaja disamakan nama
80hari_07_verne_128kb_0006|bahwa pentjoeri jang kami nantikan itoe  benar ada menoempang dengan kapal  mongolia|bahwa pentjoeri jang kami nantikan itoe  benar ada menoempang dengan kapal  mongolia
80hari_07_verne_128kb_0024|apabila pas itoe benar|apabila pas itoe benar
80hari_07_verne_128kb_0035|soenggoeh benarlah kedoea orang asing itoe seorang toean dengan boedjangnja|soenggoeh benarlah kedoea orang asing itoe seorang toean dengan boedjangnja
80hari_07_verne_128kb_0046|dan lagi sekarang kami tiada memeriksa pas pas lagi|dan lagi sekarang kami tiada memeriksa pas pas lagi
80hari_07_verne_128kb_0049|tetapi maksoed saja minta tanda tangan itoe hanja oentoek keterangan sadja saja datang ke suez|tetapi maksoed saja minta tanda tangan itoe hanja oentoek keterangan sadja saja datang ke suez
80hari_07_verne_128kb_0080|hari sabtoe lima october  djam poekoel empat petang sampai ke brindisi|hari sabtoe lima october  djam poekoel empat petang sampai ke brindisi
80hari_07_verne_128kb_0085|maka segala peringatan tentang perdjalanan fogg itoe ditoelisnja dalam seboeah boekoe jang berisi roeang roeangnja menerangkan boelan|maka segala peringatan tentang perdjalanan fogg itoe ditoelisnja dalam seboeah boekoe jang berisi roeang roeangnja menerangkan boelan
80hari_08_verne_128kb_0000|bab jang kedelapan peri meriwajatkan passepartout berkata kata lebih dari pada perloenja|bab jang kedelapan peri meriwajatkan passepartout berkata kata lebih dari pada perloenja
80hari_08_verne_128kb_0003|karena ia merasa sajang tinggal diam sadja tiada melihat tamasja|karena ia merasa sajang tinggal diam sadja tiada melihat tamasja
80hari_08_verne_128kb_0004|maka tiba tiba fix berkata|maka tiba tiba fix berkata
80hari_08_verne_128kb_0009|sekarang engkau melihat lihat kota|sekarang engkau melihat lihat kota
80hari_08_verne_128kb_0011|karena perdjalanan kami tergesa gesa seolah olah segala apa jang koelihat itoe tampak dalam mimpi sekarang kami di suez|karena perdjalanan kami tergesa gesa seolah olah segala apa jang koelihat itoe tampak dalam mimpi sekarang kami di suez
80hari_08_verne_128kb_0022|itoepoen hanja melihat dari djendéla keréta api waktoe hoedjan besar|itoepoen hanja melihat dari djendéla keréta api waktoe hoedjan besar
80hari_08_verne_128kb_0025|inspecteur polisi fix bertanja  katanja|inspecteur polisi fix bertanja  katanja
80hari_08_verne_128kb_0029|o ja  saja disoeroeh membeli kaoes péndék dan badjoe kemédja|o ja  saja disoeroeh membeli kaoes péndék dan badjoe kemédja
80hari_08_verne_128kb_0039|poekoel doea belas kata toean|poekoel doea belas kata toean
80hari_08_verne_128kb_0043|djalannja amat baik  dalam setahoen ta  berbéda barang lima menit|djalannja amat baik  dalam setahoen ta  berbéda barang lima menit
80hari_08_verne_128kb_0048|wah toean  banjak terima kasih|wah toean  banjak terima kasih
80hari_08_verne_128kb_0052|dengan berkata demikian itoe passepartout laloe menjimpan arlodjinja kembali kedalam sakoe rompinja|dengan berkata demikian itoe passepartout laloe menjimpan arlodjinja kembali kedalam sakoe rompinja
80hari_08_verne_128kb_0054|djadi engkau berangkat dari london amat tergesa gesa sekali  boekan|djadi engkau berangkat dari london amat tergesa gesa sekali  boekan
80hari_08_verne_128kb_0060|fix mengoelangi perkataan passepartout  katanja|fix mengoelangi perkataan passepartout  katanja
80hari_08_verne_128kb_0062|benar  mengelilingi doenia dalam delapan poeloeh hari|benar  mengelilingi doenia dalam delapan poeloeh hari
80hari_08_verne_128kb_0065|peratoeran jang sematjam itoe seperti peratoeran orang gila  boekan|peratoeran jang sematjam itoe seperti peratoeran orang gila  boekan
80hari_08_verne_128kb_0067|o  kalau demikian  amat gandjillah kelakoean toean fogg itoe|o  kalau demikian  amat gandjillah kelakoean toean fogg itoe
80hari_08_verne_128kb_0076|djawab passepartout|djawab passepartout
80hari_08_verne_128kb_0077|o toean saja masoek djadi boedjang toean saja pada hari itoe djoega|o toean saja masoek djadi boedjang toean saja pada hari itoe djoega
80hari_08_verne_128kb_0079|sekarang dapatlah didoega betapa pikiran inspecteur polisi fix|sekarang dapatlah didoega betapa pikiran inspecteur polisi fix
80hari_08_verne_128kb_0080|setelah mendengar segala keterangan dari passepartout|setelah mendengar segala keterangan dari passepartout
80hari_08_verne_128kb_0083|jaitoe tidak lama setelah pentjoerian besar itoe terdjadi|jaitoe tidak lama setelah pentjoerian besar itoe terdjadi
80hari_08_verne_128kb_0084|kemoedian dari pada itoe phileas fogg itoe setjepat tjepatnja berharap sampai ditempat tempat jang djaoeh djaoeh|kemoedian dari pada itoe phileas fogg itoe setjepat tjepatnja berharap sampai ditempat tempat jang djaoeh djaoeh
80hari_08_verne_128kb_0087|bahwa perdjalanan fogg itoe hanja dilakoekannja oentoek pertaroehan jang sebesar itoe|bahwa perdjalanan fogg itoe hanja dilakoekannja oentoek pertaroehan jang sebesar itoe
80hari_08_verne_128kb_0091|s b lain dari pada itoe sekarang fix dapat mengetahoei djoega|s b lain dari pada itoe sekarang fix dapat mengetahoei djoega
80hari_08_verne_128kb_0107|fix tiada mendengarkan lagi akan tjakap passepartout|fix tiada mendengarkan lagi akan tjakap passepartout
80hari_08_verne_128kb_0122|mengapakah pentjoeri itoe memperloekan menjoeroeh minta tékan soerat pasnja di suez|mengapakah pentjoeri itoe memperloekan menjoeroeh minta tékan soerat pasnja di suez
80hari_08_verne_128kb_0134|kemoedian inspecteur polisi itoe pergi kekantor kawat|kemoedian inspecteur polisi itoe pergi kekantor kawat
80hari_09_verne_128kb_0043|piano tiada diboenjikan lagi  dan tari dan njanjipoen berhentilah|piano tiada diboenjikan lagi  dan tari dan njanjipoen berhentilah
80hari_09_verne_128kb_0055|phileas fogg mengerti djoega|phileas fogg mengerti djoega
80hari_09_verne_128kb_0058|biasanja  ta  takoet akan kedjadian jang memberi koeatir|biasanja  ta  takoet akan kedjadian jang memberi koeatir
80hari_09_verne_128kb_0065|tetapi phileas fogg sekali kali tiada hendak memikirkan hal itoe semoeanja|tetapi phileas fogg sekali kali tiada hendak memikirkan hal itoe semoeanja
80hari_09_verne_128kb_0066|phileas fogg seolah olah terpendjara roepanja dalam kapal  mongolia  itoe|phileas fogg seolah olah terpendjara roepanja dalam kapal  mongolia  itoe
80hari_09_verne_128kb_0070|lain dari pada itoe ia ta  berhenti main whist|lain dari pada itoe ia ta  berhenti main whist
80hari_09_verne_128kb_0072|jaitoe seorang pegawai belasting jang hendak mendjalankan pekerdjaannja di goa|jaitoe seorang pegawai belasting jang hendak mendjalankan pekerdjaannja di goa
80hari_09_verne_128kb_0076|jang hendak pergi menoedjoe pasoekannja di benares|jang hendak pergi menoedjoe pasoekannja di benares
80hari_09_verne_128kb_0077|keempat meréka itoe bermainlah beberapa djam lamanja bertoeroet toeroet dengan tiada mengeloearkan perkataan sepatahpoen|keempat meréka itoe bermainlah beberapa djam lamanja bertoeroet toeroet dengan tiada mengeloearkan perkataan sepatahpoen
80hari_09_verne_128kb_0093|hendak pergi kemanakah toean|hendak pergi kemanakah toean
80hari_09_verne_128kb_0094|saja hendak pergi ke bombay djoega|saja hendak pergi ke bombay djoega
80hari_09_verne_128kb_0114|saja ta  pernah melihat toeanmoe didék|saja ta  pernah melihat toeanmoe didék
80hari_09_verne_128kb_0125|oléh passepartout disamboetnja dengan tiada pandjang tjeritera|oléh passepartout disamboetnja dengan tiada pandjang tjeritera
80hari_09_verne_128kb_0151|djadi ia beroentoeng lima belas djam|djadi ia beroentoeng lima belas djam
80hari_09_verne_128kb_0173|oléh karena kapal itoe mendapat moeatan jang berat berat  maka koeranglah berlénggangnja|oléh karena kapal itoe mendapat moeatan jang berat berat  maka koeranglah berlénggangnja
80hari_09_verne_128kb_0183|ditepi langit kelihatanlah goenoeng goenoeng dari djaoeh berbajang bajang|ditepi langit kelihatanlah goenoeng goenoeng dari djaoeh berbajang bajang
80hari_09_verne_128kb_0190|maka dengan perhitoengan jang amat baik|maka dengan perhitoengan jang amat baik
80hari_10_verne_128kb_0014|perlahan lahan perserikatan itoe mengambil beberapa bahagian tanah hindia ditambahkan kepada tanah jang soedah mendjadi miliknja|perlahan lahan perserikatan itoe mengambil beberapa bahagian tanah hindia ditambahkan kepada tanah jang soedah mendjadi miliknja
80hari_10_verne_128kb_0043|memberi perintah jang perloe kepada boedjangnja dan mengingatkan kepadanja|memberi perintah jang perloe kepada boedjangnja dan mengingatkan kepadanja
80hari_10_verne_128kb_0070|phileas fogg bertanja poela|phileas fogg bertanja poela
80hari_10_verne_128kb_0083|bahwa ialah seorang detectief jang tengah mengikoet si pentjoeri  fogg|bahwa ialah seorang detectief jang tengah mengikoet si pentjoeri  fogg
80hari_10_verne_128kb_0128|dengan berbagai bagai keramaian berdjalan keliling kota dan ada djoega permainan tandak|dengan berbagai bagai keramaian berdjalan keliling kota dan ada djoega permainan tandak
80hari_11_verne_128kb_0001|maka keréta api jang dinaiki oléh phileas fogg itoe berangkatlah pada waktoe jang ditentoekan|maka keréta api jang dinaiki oléh phileas fogg itoe berangkatlah pada waktoe jang ditentoekan
80hari_11_verne_128kb_0005|saudagar saudagar madat dan nila|saudagar saudagar madat dan nila
80hari_11_verne_128kb_0015|dari ketjil ia tinggal tetap ditanah hindia dan djarang djarang tinggal dinegeri inggeris|dari ketjil ia tinggal tetap ditanah hindia dan djarang djarang tinggal dinegeri inggeris
80hari_11_verne_128kb_0039|phileas fogg tiada menjemboenjikan maksoednja mengelilingi doenia itoe kepada djenderal itoe|phileas fogg tiada menjemboenjikan maksoednja mengelilingi doenia itoe kepada djenderal itoe
80hari_11_verne_128kb_0049|jang berdasar batoe basalt dan poentjaknja ditoemboehi pohon pohonan sebangsa tjemara|jang berdasar batoe basalt dan poentjaknja ditoemboehi pohon pohonan sebangsa tjemara
80hari_11_verne_128kb_0061|tetapi toean fogg  sekarangpoen boléh dapat kesoesahan  karena perboeatan boedjang toean di bombay|tetapi toean fogg  sekarangpoen boléh dapat kesoesahan  karena perboeatan boedjang toean di bombay
80hari_11_verne_128kb_0063|sebab itoe ia ta  mengetahoei akan pertjakapan kedoea toean itoe tentang dirinja|sebab itoe ia ta  mengetahoei akan pertjakapan kedoea toean itoe tentang dirinja
80hari_11_verne_128kb_0074|soedah itoe pertjakapan meréka berhenti lagi|soedah itoe pertjakapan meréka berhenti lagi
80hari_11_verne_128kb_0087|tembakau  pala  tjengkih dan meritja|tembakau  pala  tjengkih dan meritja
80hari_11_verne_128kb_0097|dan tampaklah disitoe beberapa ékor gadjah jang seolah olah melihat keréta api jang berlari amat tjepat itoe|dan tampaklah disitoe beberapa ékor gadjah jang seolah olah melihat keréta api jang berlari amat tjepat itoe
80hari_11_verne_128kb_0122|betapa perasaan hati passepartout mengikoet toeannja dalam perdjalanannja itoe|betapa perasaan hati passepartout mengikoet toeannja dalam perdjalanannja itoe
80hari_11_verne_128kb_0137|oléhnja akan perboeatannja jang ta  lajak ketika sampai ke bombay itoe|oléhnja akan perboeatannja jang ta  lajak ketika sampai ke bombay itoe
80hari_11_verne_128kb_0149|bahwa pemberian hadiah jang seperti itoe hanja boléh dilakoekan kepada machinist kapal|bahwa pemberian hadiah jang seperti itoe hanja boléh dilakoekan kepada machinist kapal
80hari_11_verne_128kb_0156|arlodji poesaka kepoenjaannja itoe selaloe menoeroet djam di london menoeroet meridiaan di greenwich|arlodji poesaka kepoenjaannja itoe selaloe menoeroet djam di london menoeroet meridiaan di greenwich
80hari_11_verne_128kb_0162|maka harinja lebih péndék empat menit dalam tiap tiap graad jang dilaloeinja|maka harinja lebih péndék empat menit dalam tiap tiap graad jang dilaloeinja
80hari_11_verne_128kb_0167|djam poekoel delapan pagi keréta api berhentilah pada soeatoe tempat didalam rimba jang djaoehnja dari rothal lima belas mijl|djam poekoel delapan pagi keréta api berhentilah pada soeatoe tempat didalam rimba jang djaoehnja dari rothal lima belas mijl
80hari_11_verne_128kb_0171|phileas fogg memandang kepada francis cromarty jang roepanja tiada mengerti|phileas fogg memandang kepada francis cromarty jang roepanja tiada mengerti
80hari_11_verne_128kb_0181|kedoeanja bertanja kepada condecteur|kedoeanja bertanja kepada condecteur
80hari_11_verne_128kb_0182|keréta api tiada teroes|keréta api tiada teroes
80hari_11_verne_128kb_0185|disitoelah djalan keréta api moelai poela|disitoelah djalan keréta api moelai poela
80hari_11_verne_128kb_0186|tetapi toean condecteur  soerat soerat kabar mengatakan  bahwa djalan keréta api soedah selesai dan soedah diboeka oentoek orang banjak|tetapi toean condecteur  soerat soerat kabar mengatakan  bahwa djalan keréta api soedah selesai dan soedah diboeka oentoek orang banjak
80hari_11_verne_128kb_0196|kemoedian phileas fogg berkata|kemoedian phileas fogg berkata
80hari_11_verne_128kb_0203|sajapoen ta  tahoe|sajapoen ta  tahoe
80hari_11_verne_128kb_0205|tetapi meroegikanpoen alangan itoe tiada padakoe|tetapi meroegikanpoen alangan itoe tiada padakoe
80hari_11_verne_128kb_0246|maksoed jang sedemikian itoe boléh berhasil kalau gadjah itoe diberi makan goela dan mentéga tiga boelan lamanja|maksoed jang sedemikian itoe boléh berhasil kalau gadjah itoe diberi makan goela dan mentéga tiga boelan lamanja
80hari_11_verne_128kb_0248|bahwa makanan jang sematjam itoe ta  boléh menjebabkan galak perangai gadjah|bahwa makanan jang sematjam itoe ta  boléh menjebabkan galak perangai gadjah
80hari_11_verne_128kb_0249|tetapi sesoenggoehnja mémang demikianlah adanja|tetapi sesoenggoehnja mémang demikianlah adanja
80hari_11_verne_128kb_0258|apabila gadjah itoe soedah djinak|apabila gadjah itoe soedah djinak
80hari_11_verne_128kb_0265|mendengar perkataan jang empoenja gadjah itoe|mendengar perkataan jang empoenja gadjah itoe
80hari_11_verne_128kb_0284|karena itoe semoeanja soedah njata bergoena bagi keperloean pertaroehan jang besarnja dua puluh|karena itoe semoeanja soedah njata bergoena bagi keperloean pertaroehan jang besarnja dua puluh
80hari_11_verne_128kb_0306|djenderal itoe memperkenankan permintaan itoe|djenderal itoe memperkenankan permintaan itoe
80hari_11_verne_128kb_0308|habis itoe dibelilah barang dua makanan serba sedikit di khaltij|habis itoe dibelilah barang dua makanan serba sedikit di khaltij
80hari_11_verne_128kb_0312|djam poekoel sembilan berangkatlah|djam poekoel sembilan berangkatlah
80hari_12_verne_128kb_0001|dan apa jang terdjadi kemoedian|dan apa jang terdjadi kemoedian
80hari_12_verne_128kb_0004|orang parsi itoe mengatakan|orang parsi itoe mengatakan
80hari_12_verne_128kb_0005|bahwa perdjalanan menempoeh djalan memintas itoe berkoerang doea poeloeh mijl|bahwa perdjalanan menempoeh djalan memintas itoe berkoerang doea poeloeh mijl
80hari_12_verne_128kb_0009|kedoeanja tergoentjang goentjang badannja|kedoeanja tergoentjang goentjang badannja
80hari_12_verne_128kb_0018|maka oléh passepartout diingatnjalah dengan soenggoeh soenggoeh akan nasihat itoe|maka oléh passepartout diingatnjalah dengan soenggoeh soenggoeh akan nasihat itoe
80hari_12_verne_128kb_0020|seolah olah seperti seorang badoet jang djenaka lakoenja dalam komidi jang sedang menoendjoekkan permainannja melompat lompat diatas papan|seolah olah seperti seorang badoet jang djenaka lakoenja dalam komidi jang sedang menoendjoekkan permainannja melompat lompat diatas papan
80hari_12_verne_128kb_0031|soenggoeh toean ini amat koeat seolah olah dari besi badannja|soenggoeh toean ini amat koeat seolah olah dari besi badannja
80hari_12_verne_128kb_0034|djam poekoel doea belas pawang gadjah memberi tahoe akan berangkat  lagi|djam poekoel doea belas pawang gadjah memberi tahoe akan berangkat  lagi
80hari_12_verne_128kb_0058|hendak didjoealkah barangkali gadjah itoe kelak  atau dilepaskan lagi kedalam hoetan|hendak didjoealkah barangkali gadjah itoe kelak  atau dilepaskan lagi kedalam hoetan
80hari_12_verne_128kb_0073|pawang gadjah tidoerlah dekat gadjahnja jang tidoer joega tengah berdiri dan bersandar pada pohon jang besar|pawang gadjah tidoerlah dekat gadjahnja jang tidoer joega tengah berdiri dan bersandar pada pohon jang besar
80hari_12_verne_128kb_0076|tetapi binatang binatang itoe hanja berboenji sadja tiada menganggoe meréka jang tidoer itoe|tetapi binatang binatang itoe hanja berboenji sadja tiada menganggoe meréka jang tidoer itoe
80hari_12_verne_128kb_0080|phileas fogg tidoernja tiada beroebah seperti jang biasa diroemahnja di saville row|phileas fogg tidoernja tiada beroebah seperti jang biasa diroemahnja di saville row
80hari_12_verne_128kb_0087|maka pawang gadjah itoe mendjalankan gadjahnja sedapat dapatnja ditempat tempat jang ta  didiami orang|maka pawang gadjah itoe mendjalankan gadjahnja sedapat dapatnja ditempat tempat jang ta  didiami orang
80hari_12_verne_128kb_0090|station allahabad djaoehnja masih doea belas mijl ketimoer laoet|station allahabad djaoehnja masih doea belas mijl ketimoer laoet
80hari_12_verne_128kb_0103|ia mendjawab pertanjaan itoe  katanja|ia mendjawab pertanjaan itoe  katanja
80hari_12_verne_128kb_0104|saja tiada tahoe  toean djenderal|saja tiada tahoe  toean djenderal
80hari_12_verne_128kb_0117|ia sendiri bersiap dirilah|ia sendiri bersiap dirilah
80hari_12_verne_128kb_0156|adalah perhiasan jang indah indah jang bertatahkan ratna moetoe manikam  seperti|adalah perhiasan jang indah indah jang bertatahkan ratna moetoe manikam  seperti
80hari_12_verne_128kb_0159|dan tertoetoep dengan badjoe soetera tipis|dan tertoetoep dengan badjoe soetera tipis
80hari_12_verne_128kb_0179|phileas fogg mendengarkan pertanjaan francis cromarty kepada orang parsi|phileas fogg mendengarkan pertanjaan francis cromarty kepada orang parsi
80hari_12_verne_128kb_0181|apakah sutty itoe|apakah sutty itoe
80hari_12_verne_128kb_0191|benar demikian beloem hilangkah  adat dan isti adat jang demikian itoe di hindia ini|benar demikian beloem hilangkah  adat dan isti adat jang demikian itoe di hindia ini
80hari_12_verne_128kb_0196|pada sebahagian besar tanah hindia koerban manoesia jang sematjam itoe sekarang tiada dilakoekan orang lagi|pada sebahagian besar tanah hindia koerban manoesia jang sematjam itoe sekarang tiada dilakoekan orang lagi
80hari_12_verne_128kb_0211|maka orang itoe seolah olah memboenoeh diri dalam api itoe|maka orang itoe seolah olah memboenoeh diri dalam api itoe
80hari_12_verne_128kb_0246|djawab fogg  ja benar  saja masih ada témpoh doea belas djam|djawab fogg  ja benar  saja masih ada témpoh doea belas djam
80hari_13_verne_128kb_0004|sesoenggoehnja amat mengoeatirkan kepada si penolong sendiri dan banjaklah hal hal jang akan mengalanginja|sesoenggoehnja amat mengoeatirkan kepada si penolong sendiri dan banjaklah hal hal jang akan mengalanginja
80hari_13_verne_128kb_0102|katanja  itoelah sahadja|katanja  itoelah sahadja
80hari_13_verne_128kb_0106|sekonjong konjong pawang gadjah berhentilah pada soeatoe tempat dalam hoetan jang ta  ada bertoemboeh toemboehan dan terang karena dahan dahan jang dibakar itoe|sekonjong konjong pawang gadjah berhentilah pada soeatoe tempat dalam hoetan jang ta  ada bertoemboeh toemboehan dan terang karena dahan dahan jang dibakar itoe
80hari_13_verne_128kb_0113|tetapi merasa sajanglah meréka keempat itoe dengan tiada hingganja|tetapi merasa sajanglah meréka keempat itoe dengan tiada hingganja
80hari_13_verne_128kb_0118|sebab itoe ia kembali bersama sama temannja kedalam hoetan|sebab itoe ia kembali bersama sama temannja kedalam hoetan
80hari_13_verne_128kb_0135|fogg dengan teman temannja mengira  bahwa  pendjaga pendjaga itoe ta  akan tidoer|fogg dengan teman temannja mengira  bahwa  pendjaga pendjaga itoe ta  akan tidoer
80hari_13_verne_128kb_0146|waktoe itoe malampoen amat gelapnja|waktoe itoe malampoen amat gelapnja
80hari_13_verne_128kb_0148|tetapi sesoenggoehnja sampai dibelakang roemah berhala itoe sekalipoen beloem dapat akan menjampaikan maksoed itoe|tetapi sesoenggoehnja sampai dibelakang roemah berhala itoe sekalipoen beloem dapat akan menjampaikan maksoed itoe
80hari_13_verne_128kb_0152|djadi ta  soesah memboeat loebang dengan pisau itoe|djadi ta  soesah memboeat loebang dengan pisau itoe
80hari_13_verne_128kb_0159|laloe jang lain toeroet berzikir poela  ramai ramai|laloe jang lain toeroet berzikir poela  ramai ramai
80hari_13_verne_128kb_0161|tahoekah orang perboeatan fogg dengan teman temannja itoe|tahoekah orang perboeatan fogg dengan teman temannja itoe
80hari_13_verne_128kb_0166|sambil menoenggoe hingga orang orang itoe berhenti zikir|sambil menoenggoe hingga orang orang itoe berhenti zikir
80hari_13_verne_128kb_0170|sajang betoel segala ichtiar dan oesaha keempat meréka akan menolong djiwa perempoean itoe sia sia belaka|sajang betoel segala ichtiar dan oesaha keempat meréka akan menolong djiwa perempoean itoe sia sia belaka
80hari_13_verne_128kb_0178|ja toean djenderal  bagaimana lagi  segala ichtiarpoen telah kita lakoekan|ja toean djenderal  bagaimana lagi  segala ichtiarpoen telah kita lakoekan
80hari_13_verne_128kb_0182|toean fogg ada pengharapan apa lagi|toean fogg ada pengharapan apa lagi
80hari_13_verne_128kb_0191|apabila perempoean itoe telah dibawa ketempat pembakaran|apabila perempoean itoe telah dibawa ketempat pembakaran
80hari_13_verne_128kb_0196|pawang gadjah merasa koeatir|pawang gadjah merasa koeatir
80hari_13_verne_128kb_0198|laloe dibawanja fogg dengan temannja kepada soeatoe tempat dalam hoetan jang ta  djaoeh dari roemah berhala jang terboeka itoe|laloe dibawanja fogg dengan temannja kepada soeatoe tempat dalam hoetan jang ta  djaoeh dari roemah berhala jang terboeka itoe
80hari_13_verne_128kb_0209|passepartout tiada maoe menerangkan maksoednja itoe kepada teman temannja|passepartout tiada maoe menerangkan maksoednja itoe kepada teman temannja
80hari_13_verne_128kb_0219|fogg dengan cromarty dapat melihat perempoean jang hendak dikoerbankan itoe dengan seterang terangnja karena tjahaja itoe|fogg dengan cromarty dapat melihat perempoean jang hendak dikoerbankan itoe dengan seterang terangnja karena tjahaja itoe
80hari_13_verne_128kb_0223|karena ingat kepada kematiannja jang soedah hampir itoe|karena ingat kepada kematiannja jang soedah hampir itoe
80hari_13_verne_128kb_0224|kemoedian perempoean itoe mempergoenakan tangannja saboléh boléhnja|kemoedian perempoean itoe mempergoenakan tangannja saboléh boléhnja
80hari_13_verne_128kb_0236|dari djaoeh tampaklah toeboeh perempoean jang pingsan itoe diletakkan dekat majat radja diatas pantjaka|dari djaoeh tampaklah toeboeh perempoean jang pingsan itoe diletakkan dekat majat radja diatas pantjaka
80hari_14_verne_128kb_0001|kiri kanan soengai ganges jang amat indah indah pemandangannja|kiri kanan soengai ganges jang amat indah indah pemandangannja
80hari_14_verne_128kb_0006|djenderal francis cromarty menoendjoekkan tangannja kepada boedjang phileas fogg jang berani itoe akan tanda kesoekaan|djenderal francis cromarty menoendjoekkan tangannja kepada boedjang phileas fogg jang berani itoe akan tanda kesoekaan
80hari_14_verne_128kb_0024|gadjah itoe sampailah kepada sebidang tanah lapang jang amat loeas|gadjah itoe sampailah kepada sebidang tanah lapang jang amat loeas
80hari_14_verne_128kb_0029|djenderal cromarty telah kenal akan keadaan dan kesoedahan orang maboek jang sematjam itoe|djenderal cromarty telah kenal akan keadaan dan kesoedahan orang maboek jang sematjam itoe
80hari_14_verne_128kb_0062|tengah passepartout melakoekan perintah toeannja itoe|tengah passepartout melakoekan perintah toeannja itoe
80hari_14_verne_128kb_0068|di regent street ta  ada dapat|di regent street ta  ada dapat
80hari_14_verne_128kb_0095|ia tjakap berkata kata dalam bahasa inggeris dengan tjoekoep|ia tjakap berkata kata dalam bahasa inggeris dengan tjoekoep
80hari_14_verne_128kb_0099|orang parsi pawang gadjah itoe bernantilah|orang parsi pawang gadjah itoe bernantilah
80hari_14_verne_128kb_0122|passepartout sekali kali tiada terkedjoet|passepartout sekali kali tiada terkedjoet
80hari_14_verne_128kb_0123|ia mengoesap oesap kepala gadjah itoe dengan tangannja|ia mengoesap oesap kepala gadjah itoe dengan tangannja
80hari_14_verne_128kb_0142|sedang jang menolong itoe ialah passepartout|sedang jang menolong itoe ialah passepartout
80hari_14_verne_128kb_0171|tentera djenderal itoe tempatnja beberapa mijl sebelah oetara kota benares|tentera djenderal itoe tempatnja beberapa mijl sebelah oetara kota benares
80hari_14_verne_128kb_0176|adapoen aouda itoe hantjoerlah rasa hatinja akan ditinggalkan oléh djenderal francis|adapoen aouda itoe hantjoerlah rasa hatinja akan ditinggalkan oléh djenderal francis
80hari_14_verne_128kb_0195|meréka itoe semoeanja beragama berahma|meréka itoe semoeanja beragama berahma
80hari_14_verne_128kb_0202|soenggoeh ta  boléh diterangkan|soenggoeh ta  boléh diterangkan
80hari_14_verne_128kb_0227|seharipoen ta  koerang ta  lebih dari waktoe jang ditentoekan itoe|seharipoen ta  koerang ta  lebih dari waktoe jang ditentoekan itoe
80hari_14_verne_128kb_0228|sajanglah waktoe keoentoengan doea hari tatkala phileas fogg berdjalan ditanah bombay itoe hilang sadja|sajanglah waktoe keoentoengan doea hari tatkala phileas fogg berdjalan ditanah bombay itoe hilang sadja
80hari_15_verne_128kb_0005|oentoek menoempangkan aouda dikapal itoe|oentoek menoempangkan aouda dikapal itoe
80hari_15_verne_128kb_0025|boléhkah njonja moeda ini mengikoet kami|boléhkah njonja moeda ini mengikoet kami
80hari_15_verne_128kb_0068|passepartout masih beloem pertjaja dan senantiasa mengandoeng koeatir djoea|passepartout masih beloem pertjaja dan senantiasa mengandoeng koeatir djoea
80hari_15_verne_128kb_0076|toean obadiah mengambil pruiknjadari dinding  laloe dipakainja dikepalanja|toean obadiah mengambil pruiknjadari dinding  laloe dipakainja dikepalanja
80hari_15_verne_128kb_0085|bagaimana seorang hakim dapat melakoekan ke adilannja  apabila ia memakai ramboet griffiernja|bagaimana seorang hakim dapat melakoekan ke adilannja  apabila ia memakai ramboet griffiernja
80hari_15_verne_128kb_0086|ramboet ramboet jang bertoekar itoe boléh dikembalikan kepada jang poenja|ramboet ramboet jang bertoekar itoe boléh dikembalikan kepada jang poenja
80hari_15_verne_128kb_0108|apa dia benar saja kira|apa dia benar saja kira
80hari_15_verne_128kb_0112|adapoen penda waan itoe  ja ni|adapoen penda waan itoe  ja ni
80hari_15_verne_128kb_0122|dan saja harap bahwa ketiga  oelama itoe akan mengakoe djoega atas perboeatannja diroemah berhala di pillaji|dan saja harap bahwa ketiga  oelama itoe akan mengakoe djoega atas perboeatannja diroemah berhala di pillaji
80hari_15_verne_128kb_0124|maka tertjenganglah ketiga  oelama itoe sambil memandang seorang kepada jang lain|maka tertjenganglah ketiga  oelama itoe sambil memandang seorang kepada jang lain
80hari_15_verne_128kb_0128|sedang meréka hendak mengoerbankan djiwa orang dalam api|sedang meréka hendak mengoerbankan djiwa orang dalam api
80hari_15_verne_128kb_0131|hakim bertanja lagi|hakim bertanja lagi
80hari_15_verne_128kb_0142|itoe sepatoekoe|itoe sepatoekoe
80hari_15_verne_128kb_0153|akan tetapi dari sebab fogg dengan teman temannja dalam perdjalanannja menolong djiwa aouda itoe|akan tetapi dari sebab fogg dengan teman temannja dalam perdjalanannja menolong djiwa aouda itoe
80hari_15_verne_128kb_0161|seraja mengamat amati dalam station itoe|seraja mengamat amati dalam station itoe
80hari_15_verne_128kb_0215|djadi terang apabila fogg ta  soeka mendjalankan hoekoemannja|djadi terang apabila fogg ta  soeka mendjalankan hoekoemannja
80hari_15_verne_128kb_0224|sepasang sepatoe jang mendjadi boekti dalam perkara itoe laloe diterimakan kembali kepada passepartout|sepasang sepatoe jang mendjadi boekti dalam perkara itoe laloe diterimakan kembali kepada passepartout
80hari_15_verne_128kb_0226|sepatoe tjelaka kau  mahal benar hargamoe|sepatoe tjelaka kau  mahal benar hargamoe
80hari_15_verne_128kb_0237|maka bendéranja terkibar dioedjoeng tiang sebagai tanda hampir berangkat|maka bendéranja terkibar dioedjoeng tiang sebagai tanda hampir berangkat
80hari_15_verne_128kb_0238|tatkala berboenji poekoel sebelas  fogg masih ada témpoh sedjam lamanja|tatkala berboenji poekoel sebelas  fogg masih ada témpoh sedjam lamanja
80hari_16_verne_128kb_0020|maka toeannja telah bertaroeh banjak banjak|maka toeannja telah bertaroeh banjak banjak
80hari_16_verne_128kb_0028|perkataan pawang gadjah|perkataan pawang gadjah
80hari_16_verne_128kb_0039|hal itoe aouda sendiripoen ta  dapat menentoekannja|hal itoe aouda sendiripoen ta  dapat menentoekannja
80hari_16_verne_128kb_0054|moela moela pelajaran kapal  rangoon  itoe selamat  sedikitpoen ta  ada halnja didjalan|moela moela pelajaran kapal  rangoon  itoe selamat  sedikitpoen ta  ada halnja didjalan
80hari_16_verne_128kb_0060|meréka isi poelau itoe masih amat rendah martabat kemanoesiaannja  kesopanannja|meréka isi poelau itoe masih amat rendah martabat kemanoesiaannja  kesopanannja
80hari_16_verne_128kb_0061|tetapi masih soeka makan sesama manoesia sebagai bangsa biadab jang lain  tiada|tetapi masih soeka makan sesama manoesia sebagai bangsa biadab jang lain  tiada
80hari_16_verne_128kb_0073|demikianlah fix berharap tidak kelihatan oléh passepartout|demikianlah fix berharap tidak kelihatan oléh passepartout
80hari_16_verne_128kb_0074|hingga sampai ke hongkong|hingga sampai ke hongkong
80hari_16_verne_128kb_0076|apa sebabnja ia toeroet berlajar dengan kapal  rangoon|apa sebabnja ia toeroet berlajar dengan kapal  rangoon
80hari_16_verne_128kb_0077|karena passepartout soenggoeh soenggoeh mengira  bahwa ia akan tinggal di bombay|karena passepartout soenggoeh soenggoeh mengira  bahwa ia akan tinggal di bombay
80hari_16_verne_128kb_0080|akan tetapi setelah ditimbang benar benar oléh fix|akan tetapi setelah ditimbang benar benar oléh fix
80hari_16_verne_128kb_0090|fix berharap menerima soerat perintah akan menangkap boeroeannja itoe di hongkong|fix berharap menerima soerat perintah akan menangkap boeroeannja itoe di hongkong
80hari_16_verne_128kb_0092|setelah bersendjata dengan soerat perintah itoe|setelah bersendjata dengan soerat perintah itoe
80hari_16_verne_128kb_0121|apabila passepartout telah mendengar keadaan jang sebenarnja|apabila passepartout telah mendengar keadaan jang sebenarnja
80hari_16_verne_128kb_0124|akan tetapi maksoed fix jang demikian itoe amat banjak mengandoeng koeatir kalau dilakoekannja|akan tetapi maksoed fix jang demikian itoe amat banjak mengandoeng koeatir kalau dilakoekannja
80hari_16_verne_128kb_0125|maka dari sebab itoe|maka dari sebab itoe
80hari_16_verne_128kb_0146|ia berpikir  wah  barangkali perempoean itoe dilarikan oléh fogg|ia berpikir  wah  barangkali perempoean itoe dilarikan oléh fogg
80hari_16_verne_128kb_0169|fix merasa ta  soesah akan mendapat segala keterangan dari passepartout jang soeka bertjakap tjakap itoe|fix merasa ta  soesah akan mendapat segala keterangan dari passepartout jang soeka bertjakap tjakap itoe
80hari_16_verne_128kb_0181|hai toean fix   adjaib benar pertemoean kita ini|hai toean fix   adjaib benar pertemoean kita ini
80hari_16_verne_128kb_0192|dari sebab itoe maka saja tinggal didalam bilik sahadja|dari sebab itoe maka saja tinggal didalam bilik sahadja
80hari_16_verne_128kb_0196|djawab passepartout|djawab passepartout
80hari_18_verne_128kb_0015|karena angin teroes meneroes memoekoel alat alat kapal itoe|karena angin teroes meneroes memoekoel alat alat kapal itoe
80hari_18_verne_128kb_0027|tapi alangan jang sematjam itoe sadja|tapi alangan jang sematjam itoe sadja
80hari_18_verne_128kb_0046|sampai pada ketika itoe maka perdjalanan toeannja itoe|sampai pada ketika itoe maka perdjalanan toeannja itoe
80hari_18_verne_128kb_0049|tetapi sekarang akan dapat sialkah toeannja itoe|tetapi sekarang akan dapat sialkah toeannja itoe
80hari_18_verne_128kb_0050|djikalau passepartout ingat akan pertanjaan itoe|djikalau passepartout ingat akan pertanjaan itoe
80hari_18_verne_128kb_0055|hingga ia merasa seolah olah hendak menampar laoet jang tiada menoeroet kehendaknja itoe|hingga ia merasa seolah olah hendak menampar laoet jang tiada menoeroet kehendaknja itoe
80hari_18_verne_128kb_0065|djoeroemoedi dan matros matros|djoeroemoedi dan matros matros
80hari_18_verne_128kb_0072|memberi tanda bahwa angin beloem akan lekas berhenti|memberi tanda bahwa angin beloem akan lekas berhenti
80hari_18_verne_128kb_0094|akan tetapi si tjerdik fix itoe poera poera menghiboetkan kedoekaan hatinja itoe dengan berkata|akan tetapi si tjerdik fix itoe poera poera menghiboetkan kedoekaan hatinja itoe dengan berkata
80hari_18_verne_128kb_0115|habis itoe fogg menoedjoe biliknja dengan perdjalanannja seperti seboeah mesin sebagaimana kebiasaannja|habis itoe fogg menoedjoe biliknja dengan perdjalanannja seperti seboeah mesin sebagaimana kebiasaannja
80hari_18_verne_128kb_0118|loods  mémang engkaulah seorang jang baik boedi|loods  mémang engkaulah seorang jang baik boedi
80hari_18_verne_128kb_0133|oléh karena itoe kapal di jokohama ta  akan berangkat  sebeloem kapal dari hongkong datang|oléh karena itoe kapal di jokohama ta  akan berangkat  sebeloem kapal dari hongkong datang
80hari_18_verne_128kb_0139|djadi fogg masih ada témpoh enam belas djam lamanja akan menjiapkan keperloeannja|djadi fogg masih ada témpoh enam belas djam lamanja akan menjiapkan keperloeannja
80hari_18_verne_128kb_0145|maka aoudapoen dibawanjalah keroemah makan hotel van de club  diiringkan oléh phileas fogg|maka aoudapoen dibawanjalah keroemah makan hotel van de club  diiringkan oléh phileas fogg
80hari_18_verne_128kb_0152|adalah seorang diantara saudagar saudagar jang kaja kaja didalam kota hongkong|adalah seorang diantara saudagar saudagar jang kaja kaja didalam kota hongkong
80hari_18_verne_128kb_0160|jang ia boléh banjak mendapat kenalan berhoeboeng dengan perdagangannja|jang ia boléh banjak mendapat kenalan berhoeboeng dengan perdagangannja
80hari_20_verne_128kb_0033|setelah tandoe datang|setelah tandoe datang
80hari_20_verne_128kb_0038|fogg jang berharap akan bertemoe dengan kapal dan boedaknja disitoe  tiada melihat soeatoe apa|fogg jang berharap akan bertemoe dengan kapal dan boedaknja disitoe  tiada melihat soeatoe apa
80hari_20_verne_128kb_0048|maka dengan pengharapan besar aoudapoen menjamboeng bertanja  katanja|maka dengan pengharapan besar aoudapoen menjamboeng bertanja  katanja
80hari_20_verne_128kb_0074|pengharapan inspecteur jang senantiasa ta  berkepoetoesan itoe  maka binasalah sekarang|pengharapan inspecteur jang senantiasa ta  berkepoetoesan itoe  maka binasalah sekarang
80hari_20_verne_128kb_0086|adakah kapalmoe jang sedia akan berangkat sekarang|adakah kapalmoe jang sedia akan berangkat sekarang
80hari_20_verne_128kb_0094|tidak  boeat berlajar djaoeh|tidak  boeat berlajar djaoeh
80hari_20_verne_128kb_0105|saja soeka membajar seratoes pond sehari|saja soeka membajar seratoes pond sehari
80hari_20_verne_128kb_0117|maka djawab aouda|maka djawab aouda
80hari_20_verne_128kb_0119|djoeroemoedi kembalilah menoedjoe phileas fogg dengan memegang kopiahnja|djoeroemoedi kembalilah menoedjoe phileas fogg dengan memegang kopiahnja
80hari_20_verne_128kb_0121|bagaimanakah  hai djoeroemoedi|bagaimanakah  hai djoeroemoedi
80hari_20_verne_128kb_0125|lain dari pada itoe|lain dari pada itoe
80hari_20_verne_128kb_0148|tahoe benarkah engkau barang apa jang kau katakan itoe|tahoe benarkah engkau barang apa jang kau katakan itoe
80hari_20_verne_128kb_0151|tanggal sebelas petang hari poekoel enam|tanggal sebelas petang hari poekoel enam
80hari_20_verne_128kb_0159|sedang djaoehnja perdjalanan hanja delapan ratoes mijl|sedang djaoehnja perdjalanan hanja delapan ratoes mijl
80hari_20_verne_128kb_0181|pada waktoe itoe kebetoelan poekoel tiga|pada waktoe itoe kebetoelan poekoel tiga
80hari_20_verne_128kb_0189|kedoea tiangnja berdiri agak dibelakang sedikit|kedoea tiangnja berdiri agak dibelakang sedikit
80hari_20_verne_128kb_0190|maka lajar kapal itoe bermatjam matjam|maka lajar kapal itoe bermatjam matjam
80hari_20_verne_128kb_0198|badannja koeat|badannja koeat
80hari_20_verne_128kb_0211|maka fix berpikir|maka fix berpikir
80hari_20_verne_128kb_0215|penoempang penoempang ketiganja doedoeklah didék|penoempang penoempang ketiganja doedoeklah didék
80hari_21_verne_128kb_0000|bab jang kedoea poeloeh satoe peri meriwajatkan kapitan kapal  tankadére  hampir hampir tiada mendapat hadiah doea ratoes pond banjaknja|bab jang kedoea poeloeh satoe peri meriwajatkan kapitan kapal  tankadére  hampir hampir tiada mendapat hadiah doea ratoes pond banjaknja
80hari_21_verne_128kb_0026|maka haripoen malamlah|maka haripoen malamlah
80hari_21_verne_128kb_0029|djoeroemoedi menjediakan lentéra lentéra|djoeroemoedi menjediakan lentéra lentéra
80hari_21_verne_128kb_0052|apabila beloem diterimanja soerat perintah akan menangkap si chianat itoe|apabila beloem diterimanja soerat perintah akan menangkap si chianat itoe
80hari_21_verne_128kb_0055|setelah ia mendengar riwajat fix tentang maksoed jang sebenarnja|setelah ia mendengar riwajat fix tentang maksoed jang sebenarnja
80hari_21_verne_128kb_0058|kesoedahannja terpikir oléhnja|kesoedahannja terpikir oléhnja
80hari_21_verne_128kb_0060|passepartout telah menoempang kapal  carnatic  dengan tiada memberi tahoe kepada toeannja|passepartout telah menoempang kapal  carnatic  dengan tiada memberi tahoe kepada toeannja
80hari_21_verne_128kb_0062|kedoeanja berharap boléh berdjoempa poela dengan passepartout di jokohama|kedoeanja berharap boléh berdjoempa poela dengan passepartout di jokohama
80hari_21_verne_128kb_0089|lajar itoe ditoeroenkanlah poela  karena sekonjong konjong anginpoen bertioep lagi|lajar itoe ditoeroenkanlah poela  karena sekonjong konjong anginpoen bertioep lagi
80hari_21_verne_128kb_0092|fix diadjak djoega makan bersama sama|fix diadjak djoega makan bersama sama
80hari_21_verne_128kb_0101|seharoesnjalah ia baik bertjakap tjakap sekadarnja dengan fogg  laloe katanja|seharoesnjalah ia baik bertjakap tjakap sekadarnja dengan fogg  laloe katanja
80hari_21_verne_128kb_0106|akan tetapi meski bekalkoe tiada sebanjak bekal toean  sajapoen hendak ikoet djoega sedikit|akan tetapi meski bekalkoe tiada sebanjak bekal toean  sajapoen hendak ikoet djoega sedikit
80hari_21_verne_128kb_0108|hal itoe ta  oesah kita tjakapkan  toean fix|hal itoe ta  oesah kita tjakapkan  toean fix
80hari_21_verne_128kb_0111|maka dengan tetap dan seolah olah ta  boléh menjangkal lagi  fogg mendjawab|maka dengan tetap dan seolah olah ta  boléh menjangkal lagi  fogg mendjawab
80hari_21_verne_128kb_0120|atjap kali ia berkata kepada fogg|atjap kali ia berkata kepada fogg
80hari_21_verne_128kb_0124|hadiah jang didjandjikan oléh fogg itoe amat keras membangoenkan nafsoe bekerdja anak kapal itoe|hadiah jang didjandjikan oléh fogg itoe amat keras membangoenkan nafsoe bekerdja anak kapal itoe
80hari_21_verne_128kb_0132|djadi alangan jang terdapat pertama kali itoe|djadi alangan jang terdapat pertama kali itoe
80hari_21_verne_128kb_0142|dilangit kelihatan oléh anak kapal  bahasa angin topan akan segera datang|dilangit kelihatan oléh anak kapal  bahasa angin topan akan segera datang
80hari_21_verne_128kb_0146|jang menandakan angin riboet akan datang|jang menandakan angin riboet akan datang
80hari_21_verne_128kb_0149|djoeroemoedi selaloe memandang arah kelangit jang memberi tanda ta  baik itoe|djoeroemoedi selaloe memandang arah kelangit jang memberi tanda ta  baik itoe
80hari_21_verne_128kb_0157|kalau datangnja dari selatan  ta  mengapa|kalau datangnja dari selatan  ta  mengapa
80hari_21_verne_128kb_0161|maka ta  lama lagi njatalah seperti pikiran john bunsby|maka ta  lama lagi njatalah seperti pikiran john bunsby
80hari_21_verne_128kb_0166|kapitan kapal beroesaha mendjaga keselamatan pelajarannja|kapitan kapal beroesaha mendjaga keselamatan pelajarannja
80hari_21_verne_128kb_0169|setitik airpoen ta  boléh masoek dalam roeang kapal|setitik airpoen ta  boléh masoek dalam roeang kapal
80hari_21_verne_128kb_0196|bahasa ia dalam perdjalanannja akan mendapat rintangan jang sematjam itoe|bahasa ia dalam perdjalanannja akan mendapat rintangan jang sematjam itoe
80hari_21_verne_128kb_0209|moepakatkah toean  apabila kita mentjahari perlindoengan dalam soeatoe pelaboeban jang lebih dekat|moepakatkah toean  apabila kita mentjahari perlindoengan dalam soeatoe pelaboeban jang lebih dekat
80hari_21_verne_128kb_0214|pelaboehan mana    pelaboehan shanghai|pelaboehan mana    pelaboehan shanghai
80hari_21_verne_128kb_0233|sehingga akan hantjoerlah kapal itoe  djikalau koerang koeatnja|sehingga akan hantjoerlah kapal itoe  djikalau koerang koeatnja
80hari_21_verne_128kb_0236|karena tertoetoep oléh awan jang amat tebalnja|karena tertoetoep oléh awan jang amat tebalnja
80hari_21_verne_128kb_0250|fogg haroeslah sampai di sanghai  soepaja boléh menoempang kapal jang hendak pergi ke jokohama|fogg haroeslah sampai di sanghai  soepaja boléh menoempang kapal jang hendak pergi ke jokohama
80hari_21_verne_128kb_0271|djam poekoel toedjoeh maka kapal adalah kira kira tiga mijl lagi djaoehnja dari sanghai|djam poekoel toedjoeh maka kapal adalah kira kira tiga mijl lagi djaoehnja dari sanghai
80hari_21_verne_128kb_0276|ia akan kalah dalam pertaroehannja dan kehilangan segala harta bendanja|ia akan kalah dalam pertaroehannja dan kehilangan segala harta bendanja
80hari_21_verne_128kb_0295|dengan tanda tanda itoe diharap oranglah kapal amérika akan berbélok menoedjoe kapal  tankadére  itoe hendak memberi pertolongan|dengan tanda tanda itoe diharap oranglah kapal amérika akan berbélok menoedjoe kapal  tankadére  itoe hendak memberi pertolongan
80hari_25_verne_128kb_0009|kapal lajar dan kapal api|kapal lajar dan kapal api
80hari_25_verne_128kb_0032|roemah roemah jang rendah rendah tetapi berbaris baris dengan atoeran|roemah roemah jang rendah rendah tetapi berbaris baris dengan atoeran
80hari_25_verne_128kb_0038|demikian djoega orang eropah  tjina dan hindoestan|demikian djoega orang eropah  tjina dan hindoestan
80hari_25_verne_128kb_0054|tiada djaoeh dari tempat itoe adalah seboeah kota orang tjina jang amat permainja|tiada djaoeh dari tempat itoe adalah seboeah kota orang tjina jang amat permainja
80hari_25_verne_128kb_0059|pada sisi djalan raja banjaklah toko toko barang dagangan kehasilan seloeroeh doenia|pada sisi djalan raja banjaklah toko toko barang dagangan kehasilan seloeroeh doenia
80hari_25_verne_128kb_0073|sesa at lamanja datanglah beberapa orang hitam membawa makanan jang lazat lazat|sesa at lamanja datanglah beberapa orang hitam membawa makanan jang lazat lazat
80hari_25_verne_128kb_0087|kemoedian fix amat soekatjitalah berdjoempa dengan fogg jang terhormat itoe|kemoedian fix amat soekatjitalah berdjoempa dengan fogg jang terhormat itoe
80hari_25_verne_128kb_0113|kemoedian soepaja meréka itoe djangan tersesat kedalam madjelis jang ramai itoe|kemoedian soepaja meréka itoe djangan tersesat kedalam madjelis jang ramai itoe
80hari_25_verne_128kb_0121|apakah perloenja persidangan itoe diadakan|apakah perloenja persidangan itoe diadakan
80hari_25_verne_128kb_0133|bendéra bendéra jang dibawanja sebentar lenjap|bendéra bendéra jang dibawanja sebentar lenjap
80hari_25_verne_128kb_0137|lama kelamaan topi topi hitam diatas kepala jang banjak itoepoen makin koeranglah|lama kelamaan topi topi hitam diatas kepala jang banjak itoepoen makin koeranglah
80hari_25_verne_128kb_0139|maka kata fix  ta  salah lagi sesoenggoehnjalah ini soeatoe persidangan akan memoetoeskan sesoeatoe hal jang amat penting|maka kata fix  ta  salah lagi sesoenggoehnjalah ini soeatoe persidangan akan memoetoeskan sesoeatoe hal jang amat penting
80hari_25_verne_128kb_0158|maka njatalah sekarang bahwa satoe dari pada kedoea pihak jang bermoesoolian itoe alah dan moendoerlah|maka njatalah sekarang bahwa satoe dari pada kedoea pihak jang bermoesoolian itoe alah dan moendoerlah
80hari_25_verne_128kb_0160|manakah jang menang kaoem mandiboy atau kaoem kamerfieldkah|manakah jang menang kaoem mandiboy atau kaoem kamerfieldkah
80hari_25_verne_128kb_0167|maka djawab fogg|maka djawab fogg
80hari_25_verne_128kb_0176|fogg dan fix jang mendjaga keselamatan aoudapoen kena tendang dan poekoel djoega dari segenap pihak|fogg dan fix jang mendjaga keselamatan aoudapoen kena tendang dan poekoel djoega dari segenap pihak
80hari_25_verne_128kb_0186|hingga topinja seolah olah mendjadi pétjak|hingga topinja seolah olah mendjadi pétjak
80hari_25_verne_128kb_0202|maka djawab fix  terima kasili kembali  toean fogg|maka djawab fix  terima kasili kembali  toean fogg
80hari_25_verne_128kb_0208|seloh olah fogg dan fix telah berkelahi mereboetkan kamerfield dan mandiboy|seloh olah fogg dan fix telah berkelahi mereboetkan kamerfield dan mandiboy
80hari_25_verne_128kb_0211|didapati meréka itoe passepartout telah menanti toeannja dengan bersendjata pisau setengah loesin dan péstol péstol jang enam matanja|didapati meréka itoe passepartout telah menanti toeannja dengan bersendjata pisau setengah loesin dan péstol péstol jang enam matanja
80hari_25_verne_128kb_0230|sebeloem fogg naik  pergilah ia kepada conducteur  seraja katanja|sebeloem fogg naik  pergilah ia kepada conducteur  seraja katanja
80hari_26_verne_128kb_0006|jang selaloe menghoeboengkan tempat itoe dengan  new york|jang selaloe menghoeboengkan tempat itoe dengan  new york
80hari_26_verne_128kb_0037|sedang djalan keréta api itoe toeroennja ta  lebih dari pada empat poeloeh éla dalam tiap tiap mijl|sedang djalan keréta api itoe toeroennja ta  lebih dari pada empat poeloeh éla dalam tiap tiap mijl
80hari_26_verne_128kb_0038|demikian djoega diboekit rotsgebergte|demikian djoega diboekit rotsgebergte
80hari_26_verne_128kb_0051|hanja keréta tempat komidilah jang ta  ada disitoe|hanja keréta tempat komidilah jang ta  ada disitoe
80hari_26_verne_128kb_0055|orang jang soeka membelipoen ta  koerang|orang jang soeka membelipoen ta  koerang
80hari_26_verne_128kb_0064|orang bertjakap ta  banjak|orang bertjakap ta  banjak
80hari_26_verne_128kb_0120|dan asapnjapoen menoetoepi daoendaoenan seloeroeh hoetan jang dilaloeinja|dan asapnjapoen menoetoepi daoendaoenan seloeroeh hoetan jang dilaloeinja
80hari_26_verne_128kb_0124|dengan melaloei tanah rendah corson maka hampir hampir poekoel sembilan sampailah karéta api didaérah navada|dengan melaloei tanah rendah corson maka hampir hampir poekoel sembilan sampailah karéta api didaérah navada
80hari_26_verne_128kb_0145|setelah keréta api dilambatkan djalannja|setelah keréta api dilambatkan djalannja
80hari_28_verne_128kb_0012|kemoedian akan menjamboeng djalan itoe sampai ditepi danau garam|kemoedian akan menjamboeng djalan itoe sampai ditepi danau garam
80hari_28_verne_128kb_0014|bahagian djalan kereta api jang tertinggi letaknja jaitoe pada danau garam itoelah|bahagian djalan kereta api jang tertinggi letaknja jaitoe pada danau garam itoelah
80hari_28_verne_128kb_0019|pada pikiran passepartout sekalian rintangan itoe telah laloelah|pada pikiran passepartout sekalian rintangan itoe telah laloelah
80hari_28_verne_128kb_0020|karena makin dekat toeannja ke london  makin ta  sabar lagi hatinja|karena makin dekat toeannja ke london  makin ta  sabar lagi hatinja
80hari_28_verne_128kb_0033|penoempang penoempang berhentilah pada soeatoe station dekat soengai green seperempat djam lamanja|penoempang penoempang berhentilah pada soeatoe station dekat soengai green seperempat djam lamanja
80hari_28_verne_128kb_0035|tetapi paginja saldjoe hampir hampir mendjadi hantjoer|tetapi paginja saldjoe hampir hampir mendjadi hantjoer
80hari_28_verne_128kb_0043|seoang passepartout memikirkan keadaan moesim jang koerang baik itoe|seoang passepartout memikirkan keadaan moesim jang koerang baik itoe
80hari_28_verne_128kb_0050|sebab ia takoet kalau kalau diketahoei oléh toean itoe  maka disemboenjikannja dirinja|sebab ia takoet kalau kalau diketahoei oléh toean itoe  maka disemboenjikannja dirinja
80hari_28_verne_128kb_0063|aoudapoen amat sedihlah dalam hatinja|aoudapoen amat sedihlah dalam hatinja
80hari_28_verne_128kb_0074|passepartout menjamboeng  oedjarnja|passepartout menjamboeng  oedjarnja
80hari_28_verne_128kb_0084|benarlah perkataan njonja|benarlah perkataan njonja
80hari_28_verne_128kb_0085|pertemoean kedoea orang itoe boléh melenjapkan segala pengharapan kita|pertemoean kedoea orang itoe boléh melenjapkan segala pengharapan kita
80hari_28_verne_128kb_0087|oléh karena perkelahian kedoea meréka itoe  perdjalanan toean fogg tentoe terganggoe dan|oléh karena perkelahian kedoea meréka itoe  perdjalanan toean fogg tentoe terganggoe dan
80hari_28_verne_128kb_0090|dalam empat hari ini kita sampai ke new york|dalam empat hari ini kita sampai ke new york
80hari_28_verne_128kb_0116|akan lawan main  barangkali njonja|akan lawan main  barangkali njonja
80hari_28_verne_128kb_0133|mémang aouda pandai djoega main whist|mémang aouda pandai djoega main whist
80hari_28_verne_128kb_0136|melihat itoe berpikirlah passepartout|melihat itoe berpikirlah passepartout
80hari_28_verne_128kb_0160|maka keréta apipoen berhentilah|maka keréta apipoen berhentilah
80hari_28_verne_128kb_0163|sesa at itoe maka aouda dan fix koeatir dalam hatinja  kalaukalau fogg pergi keloear|sesa at itoe maka aouda dan fix koeatir dalam hatinja  kalaukalau fogg pergi keloear
80hari_28_verne_128kb_0181|jang letaknja satoe mijl dari tempat keréta api itoe berhenti|jang letaknja satoe mijl dari tempat keréta api itoe berhenti
80hari_28_verne_128kb_0190|opzichter itoe seraja menggigitkan giginja keras keras dan berdiri sebagai patoeng|opzichter itoe seraja menggigitkan giginja keras keras dan berdiri sebagai patoeng
80hari_28_verne_128kb_0194|boekantah kita ta  ada bermaksoed akan tinggal disini|boekantah kita ta  ada bermaksoed akan tinggal disini
80hari_28_verne_128kb_0215|kemoedian diantara penoempang penoempang itoe terdengarlah rioeh soeara orang memaki maki dan berseroe seroe|kemoedian diantara penoempang penoempang itoe terdengarlah rioeh soeara orang memaki maki dan berseroe seroe
80hari_28_verne_128kb_0244|meskipoen berani akan melakoekan  akal apapoen soepaja boléh laloe didjambatan medicine bow|meskipoen berani akan melakoekan  akal apapoen soepaja boléh laloe didjambatan medicine bow
80hari_28_verne_128kb_0247|gilakah orang orang itoe semoeanja|gilakah orang orang itoe semoeanja
80hari_28_verne_128kb_0287|masoek  toean toean  silakanlah toean toean masoek sekalian|masoek  toean toean  silakanlah toean toean masoek sekalian
80hari_28_verne_128kb_0294|semoea penoempang masoeklah kedalam keréta dan passepartout masoeklah djoega dengan kesal hatinja|semoea penoempang masoeklah kedalam keréta dan passepartout masoeklah djoega dengan kesal hatinja
80hari_28_verne_128kb_0299|maka djambatan itoe robohlah  djatoeh kedalam lembah itoe|maka djambatan itoe robohlah  djatoeh kedalam lembah itoe
80hari_29_verne_128kb_0003|evans ja ni djalan keréta api jang tertinggi|evans ja ni djalan keréta api jang tertinggi
80hari_29_verne_128kb_0006|boléh berkeréta  melaloei tanah lapang jang terlaloe amat loeas itoe|boléh berkeréta  melaloei tanah lapang jang terlaloe amat loeas itoe
80hari_29_verne_128kb_0007|disitoe bersimpanglah djalan|disitoe bersimpanglah djalan
80hari_29_verne_128kb_0021|amara djamoe djamoe itoe adalah djoega toean vice president thomas c|amara djamoe djamoe itoe adalah djoega toean vice president thomas c
80hari_29_verne_128kb_0027|jang mendjadi pokok kemadjoean dan kesopanan ra jat|jang mendjadi pokok kemadjoean dan kesopanan ra jat
80hari_29_verne_128kb_0031|bénténg itoe letaknja tiga ratoes lima poeloeh toedjoeh mijl djaoehnja dari omaha|bénténg itoe letaknja tiga ratoes lima poeloeh toedjoeh mijl djaoehnja dari omaha
80hari_29_verne_128kb_0033|djam poekoel sembilan sampailah keréta api dikota besar north platte|djam poekoel sembilan sampailah keréta api dikota besar north platte
80hari_29_verne_128kb_0038|maka disitoelah keréta api melaloei meridiaan jang keseratoes satoe|maka disitoelah keréta api melaloei meridiaan jang keseratoes satoe
80hari_29_verne_128kb_0042|soenggoehpoen begitoe hatinja senang sahadja  ta  berbéda dengan fogg|soenggoehpoen begitoe hatinja senang sahadja  ta  berbéda dengan fogg
80hari_29_verne_128kb_0048|kolonél proctor laloe berkata|kolonél proctor laloe berkata
80hari_29_verne_128kb_0055|seraja oedjarnja|seraja oedjarnja
80hari_29_verne_128kb_0057|phileas fogg berbangkit dan mendjawab  katanja|phileas fogg berbangkit dan mendjawab  katanja
80hari_29_verne_128kb_0064|jang dilihatnja memandang fogg seolah olah menghinakan|jang dilihatnja memandang fogg seolah olah menghinakan
80hari_29_verne_128kb_0072|baiklah bilamana dan dimana engkau boléh pilih sendiii|baiklah bilamana dan dimana engkau boléh pilih sendiii
80hari_29_verne_128kb_0099|djawab fogg  tidak   kata proctor poela|djawab fogg  tidak   kata proctor poela
80hari_29_verne_128kb_0116|passepartout mengikoet djoega dengan membawa péstol doea boeah|passepartout mengikoet djoega dengan membawa péstol doea boeah
80hari_29_verne_128kb_0119|tetapi tatkala kedoea moesoeh itoe hendak toeroen dari keréta|tetapi tatkala kedoea moesoeh itoe hendak toeroen dari keréta
80hari_29_verne_128kb_0120|maka datanglah conducteur menoedjoe meréka  seraja katanja|maka datanglah conducteur menoedjoe meréka  seraja katanja
80hari_29_verne_128kb_0123|mengapatah ta  boléh|mengapatah ta  boléh
80hari_29_verne_128kb_0124|ja toean  sebab djalan keréta terlambat doea poeloeh menit  ta  dapat lagi berhenti disini|ja toean  sebab djalan keréta terlambat doea poeloeh menit  ta  dapat lagi berhenti disini
80hari_29_verne_128kb_0133|djikalau ta  ada keperloean matjam ini|djikalau ta  ada keperloean matjam ini
80hari_29_verne_128kb_0137|maka djawab kolonél proctor seolah olah menghinakan moesoehnja  barangkali toean ini ta  bersetoedjoe dengan maksoed saja|maka djawab kolonél proctor seolah olah menghinakan moesoehnja  barangkali toean ini ta  bersetoedjoe dengan maksoed saja
80hari_29_verne_128kb_0150|o  dengan segala senang hati|o  dengan segala senang hati
80hari_29_verne_128kb_0159|fogg dan proctor masing masing membawa doea boeah péstol bermata enam|fogg dan proctor masing masing membawa doea boeah péstol bermata enam
80hari_29_verne_128kb_0176|keloearlah dari keréta menoedjoe keréta depan tempat soeara rioeh rendah itoe|keloearlah dari keréta menoedjoe keréta depan tempat soeara rioeh rendah itoe
80hari_29_verne_128kb_0177|maka kedoea orang itoe mengertilah bahasa keréta api diserang oléh bangsa sioux|maka kedoea orang itoe mengertilah bahasa keréta api diserang oléh bangsa sioux
80hari_29_verne_128kb_0178|telah beberapa kali bangsa sioux jang berani maoe menjerang keréta api|telah beberapa kali bangsa sioux jang berani maoe menjerang keréta api
80hari_29_verne_128kb_0179|menoeroet kebiasaan meréka|menoeroet kebiasaan meréka
80hari_29_verne_128kb_0188|moela moela maka bangsa indian itoe menempoeh locomotief|moela moela maka bangsa indian itoe menempoeh locomotief
80hari_29_verne_128kb_0193|sehingga keréta api bertambah deraslah djalannja|sehingga keréta api bertambah deraslah djalannja
80hari_29_verne_128kb_0205|dengan berani ia menémbakkan péstolnja kearah moesoeh dari djendéla jang telah hantjoer kena peloeroe moesoeh itoe|dengan berani ia menémbakkan péstolnja kearah moesoeh dari djendéla jang telah hantjoer kena peloeroe moesoeh itoe
80hari_29_verne_128kb_0214|disana adalah tinggal beberapa serdadoe amérika|disana adalah tinggal beberapa serdadoe amérika
80hari_29_verne_128kb_0227|maka seolah olah hoedjan peloeroelah kiri kanan toeboeh passepartout|maka seolah olah hoedjan peloeroelah kiri kanan toeboeh passepartout
80hari_29_verne_128kb_0228|tetapi selamatlah pekerdjaannja  tiada seboetir peloeroepoen mengenainja|tetapi selamatlah pekerdjaannja  tiada seboetir peloeroepoen mengenainja
80hari_29_verne_128kb_0246|sebeloem keréta api berhenti benar  penjamoenpoen telah enjahlah|sebeloem keréta api berhenti benar  penjamoenpoen telah enjahlah
80hari_32_verne_128kb_0010|karena kapal itoe tidak ditentoekan akan membawa orang orang jang dipindahkan dari éropah ke amérika|karena kapal itoe tidak ditentoekan akan membawa orang orang jang dipindahkan dari éropah ke amérika
80hari_32_verne_128kb_0017|sebab terlambat empat poeloeh lima menit sahadja toeannja ta  boléh meneroeskan perdjalanannja|sebab terlambat empat poeloeh lima menit sahadja toeannja ta  boléh meneroeskan perdjalanannja
80hari_32_verne_128kb_0020|ialah jang menjebabkan toeannja mendapat berbagai bagai alangan|ialah jang menjebabkan toeannja mendapat berbagai bagai alangan
80hari_32_verne_128kb_0022|passepartout marahlah kepada dirinja sendiri|passepartout marahlah kepada dirinja sendiri
80hari_32_verne_128kb_0026|demikian lagi kalau diingatnja pertaroehan toeannja jang sekian banjaknja bila toeannja itoe alah|demikian lagi kalau diingatnja pertaroehan toeannja jang sekian banjaknja bila toeannja itoe alah
80hari_32_verne_128kb_0034|fogg aouda fix dan passepartout berdjalanlah poela mengelilingi pelaboehan hudson|fogg aouda fix dan passepartout berdjalanlah poela mengelilingi pelaboehan hudson
80hari_32_verne_128kb_0038|karena semalam malam itoe tidoernja amat njenjak|karena semalam malam itoe tidoernja amat njenjak
80hari_32_verne_128kb_0078|ada djoegakah penoempang|ada djoegakah penoempang
80hari_32_verne_128kb_0082|kentjangkah djalannja kapal ini|kentjangkah djalannja kapal ini
80hari_32_verne_128kb_0111|toean kapitan  maoekah toean membawa kami ke bordeuax|toean kapitan  maoekah toean membawa kami ke bordeuax
80hari_32_verne_128kb_0126|dan sebentar lamanja kembalilah ia poela dengan aouda|dan sebentar lamanja kembalilah ia poela dengan aouda
80hari_32_verne_128kb_0130|tatkala passepartout mendengar berapa toeannja akan membajar séwa kapal itoe|tatkala passepartout mendengar berapa toeannja akan membajar séwa kapal itoe
80hari_33_verne_128kb_0004|kapal itoe berlajarlah menoedjoe pantai long island dengan memandang pandoe fire island|kapal itoe berlajarlah menoedjoe pantai long island dengan memandang pandoe fire island
80hari_33_verne_128kb_0031|maka sekarang benarlah seperti kata kapitan itoe  tentang tjepatnja kapal   henrietta  itoe|maka sekarang benarlah seperti kata kapitan itoe  tentang tjepatnja kapal   henrietta  itoe
80hari_33_verne_128kb_0053|ia hanja mengingat akan maksoed jang hampir soedah makboel|ia hanja mengingat akan maksoed jang hampir soedah makboel
80hari_33_verne_128kb_0062|ta  mengerti benar ia dan ta  habis hérannja memikirkan apa sebabnja maka fogg merampas kapal  henrietta|ta  mengerti benar ia dan ta  habis hérannja memikirkan apa sebabnja maka fogg merampas kapal  henrietta
80hari_33_verne_128kb_0070|maka timboellah sangka dalam hati fix|maka timboellah sangka dalam hati fix
80hari_33_verne_128kb_0086|makin lama makin sedjoek  achirnja arah angin beroebahlah ja ni dari tenggara datangnja|makin lama makin sedjoek  achirnja arah angin beroebahlah ja ni dari tenggara datangnja
80hari_33_verne_128kb_0113|perdjalanan itoe mémang telah pandjang dan tempat tempat jang berbahajapoen soedah terlampau poela|perdjalanan itoe mémang telah pandjang dan tempat tempat jang berbahajapoen soedah terlampau poela
80hari_33_verne_128kb_0121|pada hari itoe datanglah machinist kedék laloe bermoesjawarat dengan fogg beberapa lamanja|pada hari itoe datanglah machinist kedék laloe bermoesjawarat dengan fogg beberapa lamanja
80hari_33_verne_128kb_0127|tentoe toean toean tahoe  dari moelai berangkat kami senantiasa memasang api besar besar|tentoe toean toean tahoe  dari moelai berangkat kami senantiasa memasang api besar besar
80hari_33_verne_128kb_0165|djanganlah engkau takoet  njalakanlah api sebesar besarnja sehingga habis batoe bara semoeanja|djanganlah engkau takoet  njalakanlah api sebesar besarnja sehingga habis batoe bara semoeanja
80hari_33_verne_128kb_0168|akan tetapi pada tanggal delapan belas ja ni doea hari kemoedian dari pada itoe|akan tetapi pada tanggal delapan belas ja ni doea hari kemoedian dari pada itoe
80hari_33_verne_128kb_0174|kemoedian ia memberi perintah kepada passepartout menjoeroeh bawa kapitan speedy kedepannja|kemoedian ia memberi perintah kepada passepartout menjoeroeh bawa kapitan speedy kedepannja
80hari_33_verne_128kb_0186|sampai dimanakah kami|sampai dimanakah kami
80hari_33_verne_128kb_0190|kata speedy dengan marahnja|kata speedy dengan marahnja
80hari_33_verne_128kb_0208|sekedjap itoe djoega lenjaplah amarah kapitan itoe|sekedjap itoe djoega lenjaplah amarah kapitan itoe
80hari_33_verne_128kb_0221|dengan segera kapitan speedy menerima ikatan wang dari tangan fogg|dengan segera kapitan speedy menerima ikatan wang dari tangan fogg
80hari_33_verne_128kb_0233|toean ma loemlah|toean ma loemlah
80hari_33_verne_128kb_0235|djam poekoel sembilan koerang seperempat malam|djam poekoel sembilan koerang seperempat malam
80hari_33_verne_128kb_0270|akan tetapi kajoe bakar hampir hampir habis|akan tetapi kajoe bakar hampir hampir habis
80hari_33_verne_128kb_0272|toean  saja merasa|toean  saja merasa
80hari_33_verne_128kb_0284|soerat soerat pos itoe haroes dikirim ke dublin dengan keréta api expres jang senantiasa bersiap dipelaboehan queenstown|soerat soerat pos itoe haroes dikirim ke dublin dengan keréta api expres jang senantiasa bersiap dipelaboehan queenstown
80hari_33_verne_128kb_0286|ja ni kapal jang boléh datang doea belas djam lebih dahoeloe dari pada kapal lain jang termasjhoer kentjang|ja ni kapal jang boléh datang doea belas djam lebih dahoeloe dari pada kapal lain jang termasjhoer kentjang
80hari_33_verne_128kb_0294|dengan segera penoempang penoempang naik kedarat|dengan segera penoempang penoempang naik kedarat
80hari_33_verne_128kb_0312|tanggal dua puluh satu december djam poekoel satoe siang fogg dengan teman temannja naiklah kedarat di liverpool|tanggal dua puluh satu december djam poekoel satoe siang fogg dengan teman temannja naiklah kedarat di liverpool
80hari_34_verne_128kb_0011|berkesalahan atau tiadakah fogg itoe  hakimlah jang haroes memoetoeskannja|berkesalahan atau tiadakah fogg itoe  hakimlah jang haroes memoetoeskannja
80hari_34_verne_128kb_0032|djadi masih ada témpohnja sembilan djam lebih lima belas menit|djadi masih ada témpohnja sembilan djam lebih lima belas menit
80hari_34_verne_128kb_0086|ia merasa akan kesalahannja dan menerima hoekoemannja|ia merasa akan kesalahannja dan menerima hoekoemannja
80hari_34_verne_128kb_0096|soepaja fogg sampai ke london dalam waktoe jang dikehendakinja haroeslah keréta api menempoeh perdjalanan itoe lima djam setengah lamanja|soepaja fogg sampai ke london dalam waktoe jang dikehendakinja haroeslah keréta api menempoeh perdjalanan itoe lima djam setengah lamanja
80hari_34_verne_128kb_0098|akan tetapi keréta api pesanan itoe kerap kali terpaksa berhenti distation station antara liverpool dan london|akan tetapi keréta api pesanan itoe kerap kali terpaksa berhenti distation station antara liverpool dan london
80hari_34_verne_128kb_0102|djika demikian kalahlah ia dalam pertaroehannja|djika demikian kalahlah ia dalam pertaroehannja
80hari_35_verne_128kb_0005|dari loear roemah ta  ada kelihatan peroebahan roemah dari pada keadaannja jang sehari hari|dari loear roemah ta  ada kelihatan peroebahan roemah dari pada keadaannja jang sehari hari
80hari_35_verne_128kb_0007|fogg menjoeroeh boedaknja membeli makanan  dan iapoen masoeklah keroemah|fogg menjoeroeh boedaknja membeli makanan  dan iapoen masoeklah keroemah
80hari_35_verne_128kb_0027|demikianlah maoenja  seolah olah disengadjanjalah kelakoeannja itoe|demikianlah maoenja  seolah olah disengadjanjalah kelakoeannja itoe
80hari_35_verne_128kb_0044|passepartoutpoen teroes berdjaga mendjagai toeannja didepan pintoe seperti seékor andjing jang setia|passepartoutpoen teroes berdjaga mendjagai toeannja didepan pintoe seperti seékor andjing jang setia
80hari_35_verne_128kb_0067|njonja  saja ta  dapat berichtiar apa apa lagi  segala oesahakoe sia sialah soedah|njonja  saja ta  dapat berichtiar apa apa lagi  segala oesahakoe sia sialah soedah
80hari_35_verne_128kb_0072|tahoekah ia apa perasaan dalam hatikoe tentang dia|tahoekah ia apa perasaan dalam hatikoe tentang dia
80hari_35_verne_128kb_0082|karena teman temannja tiada menantikannja lagi|karena teman temannja tiada menantikannja lagi
80hari_35_verne_128kb_0106|laloe doedoek dioedjoeng sambil memandang aouda jang doedoek termenoeng itoe|laloe doedoek dioedjoeng sambil memandang aouda jang doedoek termenoeng itoe
80hari_35_verne_128kb_0112|sedjak fogg berangkat mengelilingi doenia dan sekarang telah kembali poela|sedjak fogg berangkat mengelilingi doenia dan sekarang telah kembali poela
80hari_35_verne_128kb_0114|lima menit lamanja tiada ia berkata sepatah katapoen|lima menit lamanja tiada ia berkata sepatah katapoen
80hari_35_verne_128kb_0116|njonja  ampoenilah akan dakoe  karena saja telah membawa toean ketanah inggeris|njonja  ampoenilah akan dakoe  karena saja telah membawa toean ketanah inggeris
80hari_35_verne_128kb_0118|wahai toean  toean fogg|wahai toean  toean fogg
80hari_35_verne_128kb_0135|dari sebab itoe haroeslah njonja mendjaoehkan diri dari bangsa hindoe|dari sebab itoe haroeslah njonja mendjaoehkan diri dari bangsa hindoe
80hari_35_verne_128kb_0155|perbahasapoen mengatakan|perbahasapoen mengatakan
80hari_35_verne_128kb_0168|kemoedian diboekanja poela matanja kembali  seraja katanja|kemoedian diboekanja poela matanja kembali  seraja katanja
80hari_36_verne_128kb_0002|setelah tersiar chabar seloeroeh keradjaan inggeris|setelah tersiar chabar seloeroeh keradjaan inggeris
80hari_36_verne_128kb_0023|ta  boléhkah ia meneroeskan perdjalanannja seperti telah didjandjikannja|ta  boléhkah ia meneroeskan perdjalanannja seperti telah didjandjikannja
80hari_36_verne_128kb_0042|boléh dikira bahwa sekalian orang jang biasa berdagang dibeurs toeroetlah datang menonton dan sekaliannja itoe berkeroemoen didepan reform club|boléh dikira bahwa sekalian orang jang biasa berdagang dibeurs toeroetlah datang menonton dan sekaliannja itoe berkeroemoen didepan reform club
80hari_36_verne_128kb_0047|pada malam jang terseboet diatas kelima orang lawan phileas fogg main whist itoe sedjak dari poekoel toedjoeh petang telah berkoempoellah di reform club|pada malam jang terseboet diatas kelima orang lawan phileas fogg main whist itoe sedjak dari poekoel toedjoeh petang telah berkoempoellah di reform club
80hari_36_verne_128kb_0051|john sullivan dan samuel fallentin|john sullivan dan samuel fallentin
80hari_36_verne_128kb_0065|sekarang boléh kita pestikan bahwa kita menang dalam pertaroehan ini|sekarang boléh kita pestikan bahwa kita menang dalam pertaroehan ini
80hari_36_verne_128kb_0070|djikalau ia datang hendak main whist disini  ta  pernah léwat atau dahoeloe dari waktoe kebiasaannja|djikalau ia datang hendak main whist disini  ta  pernah léwat atau dahoeloe dari waktoe kebiasaannja
80hari_36_verne_128kb_0090|nistjaja dari new york ia akan naik kapal  china  jang tiba kemarin di liverpool|nistjaja dari new york ia akan naik kapal  china  jang tiba kemarin di liverpool
80hari_36_verne_128kb_0096|dari sebab itoe  lord albemarle akan alah djoega lima riboe pond|dari sebab itoe  lord albemarle akan alah djoega lima riboe pond
80hari_36_verne_128kb_0101|maka berseroelah andrew stuart|maka berseroelah andrew stuart
80hari_36_verne_128kb_0102|lagi lima menit|lagi lima menit
80hari_36_verne_128kb_0103|kelima orang anggota reform club itoe berpandang pandanganlah seorang dengan seorang|kelima orang anggota reform club itoe berpandang pandanganlah seorang dengan seorang
80hari_36_verne_128kb_0108|akan tetapi meréka ta  soeka memperlihatkan perasaan hati masing masing|akan tetapi meréka ta  soeka memperlihatkan perasaan hati masing masing
80hari_36_verne_128kb_0114|lihatlah sekarang soedah poekoel setengah sembilan lebih tiga belas menit|lihatlah sekarang soedah poekoel setengah sembilan lebih tiga belas menit
80hari_36_verne_128kb_0126|maka andreuw stuart dan teman temanhja berhentilah main whist|maka andreuw stuart dan teman temanhja berhentilah main whist
80hari_37_verne_128kb_0005|ja ni kira kira doea poeloeh empat djam setelah ia sampai di london|ja ni kira kira doea poeloeh empat djam setelah ia sampai di london
80hari_37_verne_128kb_0015|sehingga topinja djatoeh tiada diketahoeinja|sehingga topinja djatoeh tiada diketahoeinja
80hari_37_verne_128kb_0040|maka fogg masoek kedalam reform club  dilihatnja djam soedah poekoel sembilan koerang seperempat|maka fogg masoek kedalam reform club  dilihatnja djam soedah poekoel sembilan koerang seperempat
80hari_37_verne_128kb_0052|maka tiap tiap ia berdjalan dimoeka boemi satoe graad djaoehnja|maka tiap tiap ia berdjalan dimoeka boemi satoe graad djaoehnja
80hari_37_verne_128kb_0053|haripoen lebih péndék empat menit dari pada hari jang biasa|haripoen lebih péndék empat menit dari pada hari jang biasa
80hari_37_verne_128kb_0056|hal ini boléh djoega diterangkan demikian|hal ini boléh djoega diterangkan demikian
80hari_37_verne_128kb_0089|ada apa  passepartout|ada apa  passepartout
80hari_37_verne_128kb_0102|fogg jang amat gandjil itoe selama lamanja tiada kehilangan  akal  melainkan tetap dan sabar hatinja|fogg jang amat gandjil itoe selama lamanja tiada kehilangan  akal  melainkan tetap dan sabar hatinja
80hari_37_verne_128kb_0104|apakah matjam kemenangannja|apakah matjam kemenangannja
80hari_22_verne_128kb_0000|bab jang kedoea poeloeh doea peri meriwajatkan passepartout mengetahoei|bab jang kedoea poeloeh doea peri meriwajatkan passepartout mengetahoei
80hari_22_verne_128kb_0017|karena dalam maboek itoe seolah olah ia ingat akan toeannja|karena dalam maboek itoe seolah olah ia ingat akan toeannja
80hari_22_verne_128kb_0032|menolong passepartout  mengangkat dan membawanja kebilik kélas doea|menolong passepartout  mengangkat dan membawanja kebilik kélas doea
80hari_22_verne_128kb_0040|maka berkatalah passepartout dalam hatinja|maka berkatalah passepartout dalam hatinja
80hari_22_verne_128kb_0051|mana boléh djadi seorangpoen ta  kan pertjaja  bahwa fogg itoe seorang pentjoeri|mana boléh djadi seorangpoen ta  kan pertjaja  bahwa fogg itoe seorang pentjoeri
human_rights_un_ind_rd_0000|pernyataan umum tentang hak hak asasi manusia mukadimah menimbang bahwa pengakuan atas martabat alamiah dan hak hak yang sama dan mutlak dari semua anggota keluarga manusia adalah dasar kemerdekaan|pernyataan umum tentang hak hak asasi manusia mukadimah menimbang bahwa pengakuan atas martabat alamiah dan hak hak yang sama dan mutlak dari semua anggota keluarga manusia adalah dasar kemerdekaan
human_rights_un_ind_rd_0004|menimbang bahwa hak hak asasi manusia perlu dilindungi oleh peraturan hukum supaya orang tidak akan terpaksa memilih pemberontakan sebagai usaha terakhir guna menentang kelaliman dan penindasan|menimbang bahwa hak hak asasi manusia perlu dilindungi oleh peraturan hukum supaya orang tidak akan terpaksa memilih pemberontakan sebagai usaha terakhir guna menentang kelaliman dan penindasan
human_rights_un_ind_rd_0010|dengan bekerjasama dengan perserikatan bangsa bangsa|dengan bekerjasama dengan perserikatan bangsa bangsa
human_rights_un_ind_rd_0015|dan dengan jalan tindakan tindakan progresif yang bersifat nasional maupun internasional|dan dengan jalan tindakan tindakan progresif yang bersifat nasional maupun internasional
human_rights_un_ind_rd_0017|baik oleh bangsa bangsa dari negara negara anggota sendiri maupun oleh bangsa bangsa dari daerah daerah yang berada di bawah kekuasaan hukum mereka|baik oleh bangsa bangsa dari negara negara anggota sendiri maupun oleh bangsa bangsa dari daerah daerah yang berada di bawah kekuasaan hukum mereka
human_rights_un_ind_rd_0035|semua berhak atas perlindungan yang sama terhadap setiap bentuk diskriminasi yang bertentangan dengan pernyataan ini dan terhadap segala hasutan yang mengarah pada diskriminasi semacam itu|semua berhak atas perlindungan yang sama terhadap setiap bentuk diskriminasi yang bertentangan dengan pernyataan ini dan terhadap segala hasutan yang mengarah pada diskriminasi semacam itu
human_rights_un_ind_rd_0042|pasal sebelas setiap orang yang dituntut karena disangka melakukan suatu pelanggaran hukum dianggap tidak bersalah|pasal sebelas setiap orang yang dituntut karena disangka melakukan suatu pelanggaran hukum dianggap tidak bersalah
human_rights_un_ind_rd_0073|mempraktekkannya melaksanakan ibadahnya dan mentaatinya|mempraktekkannya melaksanakan ibadahnya dan mentaatinya
human_rights_un_ind_rd_0078|menerima dan menyampaikan informasi dan buah pikiran melalui media apa saja dan dengan tidak memandang batas batas  wilayah|menerima dan menyampaikan informasi dan buah pikiran melalui media apa saja dan dengan tidak memandang batas batas  wilayah
human_rights_un_ind_rd_0095|berhak atas syarat syarat perburuhan yang adil serta baik|berhak atas syarat syarat perburuhan yang adil serta baik
human_rights_un_ind_rd_0112|pendidikan harus gratis  setidak tidaknya untuk tingkat sekolah rendah dan pendidikan dasar|pendidikan harus gratis  setidak tidaknya untuk tingkat sekolah rendah dan pendidikan dasar
human_rights_un_ind_rd_0115|dan pengajaran tinggi harus secara adil dapat diakses oleh semua orang  berdasarkan kepantasan|dan pengajaran tinggi harus secara adil dapat diakses oleh semua orang  berdasarkan kepantasan
human_rights_un_ind_rd_0118|toleransi dan persahabatan di antara semua bangsa|toleransi dan persahabatan di antara semua bangsa
human_rights_un_ind_rd_0120|serta harus memajukan kegiatan perserikatan bangsa bangsa dalam memelihara perdamaian|serta harus memajukan kegiatan perserikatan bangsa bangsa dalam memelihara perdamaian
human_rights_un_ind_rd_0123|untuk mengecap kenikmatan kesenian dan berbagi dalam kemajuan ilmu pengetahuan dan manfaatnya|untuk mengecap kenikmatan kesenian dan berbagi dalam kemajuan ilmu pengetahuan dan manfaatnya
